n,400,linewidth,5.00,color,0.70,0.70,0.90
-4.000000,8.000000
-3.979950,7.920001
-3.959900,7.840403
-3.939850,7.761208
-3.919799,7.682414
-3.899749,7.604023
-3.879699,7.526033
-3.859649,7.448446
-3.839599,7.371260
-3.819549,7.294477
-3.799499,7.218095
-3.779449,7.142116
-3.759398,7.066539
-3.739348,6.991363
-3.719298,6.916590
-3.699248,6.842218
-3.679198,6.768249
-3.659148,6.694682
-3.639098,6.621516
-3.619048,6.548753
-3.598997,6.476391
-3.578947,6.404432
-3.558897,6.332875
-3.538847,6.261719
-3.518797,6.190966
-3.498747,6.120615
-3.478697,6.050666
-3.458647,5.981118
-3.438596,5.911973
-3.418546,5.843230
-3.398496,5.774888
-3.378446,5.706949
-3.358396,5.639412
-3.338346,5.572277
-3.318296,5.505543
-3.298246,5.439212
-3.278195,5.373283
-3.258145,5.307756
-3.238095,5.242630
-3.218045,5.177907
-3.197995,5.113586
-3.177945,5.049667
-3.157895,4.986150
-3.137845,4.923034
-3.117794,4.860321
-3.097744,4.798010
-3.077694,4.736101
-3.057644,4.674594
-3.037594,4.613489
-3.017544,4.552785
-2.997494,4.492484
-2.977444,4.432585
-2.957393,4.373088
-2.937343,4.313993
-2.917293,4.255300
-2.897243,4.197009
-2.877193,4.139120
-2.857143,4.081633
-2.837093,4.024548
-2.817043,3.967865
-2.796992,3.911583
-2.776942,3.855704
-2.756892,3.800227
-2.736842,3.745152
-2.716792,3.690479
-2.696742,3.636208
-2.676692,3.582339
-2.656642,3.528872
-2.636591,3.475807
-2.616541,3.423144
-2.596491,3.370883
-2.576441,3.319024
-2.556391,3.267567
-2.536341,3.216512
-2.516291,3.165860
-2.496241,3.115609
-2.476190,3.065760
-2.456140,3.016313
-2.436090,2.967268
-2.416040,2.918625
-2.395990,2.870384
-2.375940,2.822545
-2.355890,2.775108
-2.335840,2.728073
-2.315789,2.681440
-2.295739,2.635210
-2.275689,2.589381
-2.255639,2.543954
-2.235589,2.498929
-2.215539,2.454306
-2.195489,2.410085
-2.175439,2.366267
-2.155388,2.322850
-2.135338,2.279835
-2.115288,2.237222
-2.095238,2.195011
-2.075188,2.153203
-2.055138,2.111796
-2.035088,2.070791
-2.015038,2.030188
-1.994987,1.989988
-1.974937,1.950189
-1.954887,1.910792
-1.934837,1.871797
-1.914787,1.833205
-1.894737,1.795014
-1.874687,1.757225
-1.854637,1.719838
-1.834586,1.682854
-1.814536,1.646271
-1.794486,1.610090
-1.774436,1.574312
-1.754386,1.538935
-1.734336,1.503960
-1.714286,1.469388
-1.694236,1.435217
-1.674185,1.401448
-1.654135,1.368082
-1.634085,1.335117
-1.614035,1.302555
-1.593985,1.270394
-1.573935,1.238635
-1.553885,1.207279
-1.533835,1.176324
-1.513784,1.145772
-1.493734,1.115621
-1.473684,1.085873
-1.453634,1.056526
-1.433584,1.027581
-1.413534,0.999039
-1.393484,0.970898
-1.373434,0.943160
-1.353383,0.915823
-1.333333,0.888889
-1.313283,0.862356
-1.293233,0.836226
-1.273183,0.810497
-1.253133,0.785171
-1.233083,0.760246
-1.213033,0.735724
-1.192982,0.711604
-1.172932,0.687885
-1.152882,0.664569
-1.132832,0.641654
-1.112782,0.619142
-1.092732,0.597031
-1.072682,0.575323
-1.052632,0.554017
-1.032581,0.533112
-1.012531,0.512610
-0.992481,0.492509
-0.972431,0.472811
-0.952381,0.453515
-0.932331,0.434620
-0.912281,0.416128
-0.892231,0.398038
-0.872180,0.380349
-0.852130,0.363063
-0.832080,0.346179
-0.812030,0.329696
-0.791980,0.313616
-0.771930,0.297938
-0.751880,0.282662
-0.731830,0.267787
-0.711779,0.253315
-0.691729,0.239245
-0.671679,0.225576
-0.651629,0.212310
-0.631579,0.199446
-0.611529,0.186984
-0.591479,0.174924
-0.571429,0.163265
-0.551378,0.152009
-0.531328,0.141155
-0.511278,0.130703
-0.491228,0.120653
-0.471178,0.111004
-0.451128,0.101758
-0.431078,0.092914
-0.411028,0.084472
-0.390977,0.076432
-0.370927,0.068794
-0.350877,0.061557
-0.330827,0.054723
-0.310777,0.048291
-0.290727,0.042261
-0.270677,0.036633
-0.250627,0.031407
-0.230576,0.026583
-0.210526,0.022161
-0.190476,0.018141
-0.170426,0.014523
-0.150376,0.011306
-0.130326,0.008492
-0.110276,0.006080
-0.090226,0.004070
-0.070175,0.002462
-0.050125,0.001256
-0.030075,0.000452
-0.010025,0.000050
0.010025,0.000050
0.030075,0.000452
0.050125,0.001256
0.070175,0.002462
0.090226,0.004070
0.110276,0.006080
0.130326,0.008492
0.150376,0.011306
0.170426,0.014523
0.190476,0.018141
0.210526,0.022161
0.230576,0.026583
0.250627,0.031407
0.270677,0.036633
0.290727,0.042261
0.310777,0.048291
0.330827,0.054723
0.350877,0.061557
0.370927,0.068794
0.390977,0.076432
0.411028,0.084472
0.431078,0.092914
0.451128,0.101758
0.471178,0.111004
0.491228,0.120653
0.511278,0.130703
0.531328,0.141155
0.551378,0.152009
0.571429,0.163265
0.591479,0.174924
0.611529,0.186984
0.631579,0.199446
0.651629,0.212310
0.671679,0.225576
0.691729,0.239245
0.711779,0.253315
0.731830,0.267787
0.751880,0.282662
0.771930,0.297938
0.791980,0.313616
0.812030,0.329696
0.832080,0.346179
0.852130,0.363063
0.872180,0.380349
0.892231,0.398038
0.912281,0.416128
0.932331,0.434620
0.952381,0.453515
0.972431,0.472811
0.992481,0.492509
1.012531,0.512610
1.032581,0.533112
1.052632,0.554017
1.072682,0.575323
1.092732,0.597031
1.112782,0.619142
1.132832,0.641654
1.152882,0.664569
1.172932,0.687885
1.192982,0.711604
1.213033,0.735724
1.233083,0.760246
1.253133,0.785171
1.273183,0.810497
1.293233,0.836226
1.313283,0.862356
1.333333,0.888889
1.353383,0.915823
1.373434,0.943160
1.393484,0.970898
1.413534,0.999039
1.433584,1.027581
1.453634,1.056526
1.473684,1.085873
1.493734,1.115621
1.513784,1.145772
1.533835,1.176324
1.553885,1.207279
1.573935,1.238635
1.593985,1.270394
1.614035,1.302555
1.634085,1.335117
1.654135,1.368082
1.674185,1.401448
1.694236,1.435217
1.714286,1.469388
1.734336,1.503960
1.754386,1.538935
1.774436,1.574312
1.794486,1.610090
1.814536,1.646271
1.834586,1.682854
1.854637,1.719838
1.874687,1.757225
1.894737,1.795014
1.914787,1.833205
1.934837,1.871797
1.954887,1.910792
1.974937,1.950189
1.994987,1.989988
2.015038,2.030188
2.035088,2.070791
2.055138,2.111796
2.075188,2.153203
2.095238,2.195011
2.115288,2.237222
2.135338,2.279835
2.155388,2.322850
2.175439,2.366267
2.195489,2.410085
2.215539,2.454306
2.235589,2.498929
2.255639,2.543954
2.275689,2.589381
2.295739,2.635210
2.315789,2.681440
2.335840,2.728073
2.355890,2.775108
2.375940,2.822545
2.395990,2.870384
2.416040,2.918625
2.436090,2.967268
2.456140,3.016313
2.476190,3.065760
2.496241,3.115609
2.516291,3.165860
2.536341,3.216512
2.556391,3.267567
2.576441,3.319024
2.596491,3.370883
2.616541,3.423144
2.636591,3.475807
2.656642,3.528872
2.676692,3.582339
2.696742,3.636208
2.716792,3.690479
2.736842,3.745152
2.756892,3.800227
2.776942,3.855704
2.796992,3.911583
2.817043,3.967865
2.837093,4.024548
2.857143,4.081633
2.877193,4.139120
2.897243,4.197009
2.917293,4.255300
2.937343,4.313993
2.957393,4.373088
2.977444,4.432585
2.997494,4.492484
3.017544,4.552785
3.037594,4.613489
3.057644,4.674594
3.077694,4.736101
3.097744,4.798010
3.117794,4.860321
3.137845,4.923034
3.157895,4.986150
3.177945,5.049667
3.197995,5.113586
3.218045,5.177907
3.238095,5.242630
3.258145,5.307756
3.278195,5.373283
3.298246,5.439212
3.318296,5.505543
3.338346,5.572277
3.358396,5.639412
3.378446,5.706949
3.398496,5.774888
3.418546,5.843230
3.438596,5.911973
3.458647,5.981118
3.478697,6.050666
3.498747,6.120615
3.518797,6.190966
3.538847,6.261719
3.558897,6.332875
3.578947,6.404432
3.598997,6.476391
3.619048,6.548753
3.639098,6.621516
3.659148,6.694682
3.679198,6.768249
3.699248,6.842218
3.719298,6.916590
3.739348,6.991363
3.759398,7.066539
3.779449,7.142116
3.799499,7.218095
3.819549,7.294477
3.839599,7.371260
3.859649,7.448446
3.879699,7.526033
3.899749,7.604023
3.919799,7.682414
3.939850,7.761208
3.959900,7.840403
3.979950,7.920001
4.000000,8.000000
n,400,linewidth,1.00,color,0.90,0.90,0.90
-4.000000,0.000049
-3.979950,0.000064
-3.959900,0.000082
-3.939850,0.000106
-3.919799,0.000135
-3.899749,0.000172
-3.879699,0.000217
-3.859649,0.000274
-3.839599,0.000344
-3.819549,0.000429
-3.799499,0.000533
-3.779449,0.000659
-3.759398,0.000812
-3.739348,0.000995
-3.719298,0.001213
-3.699248,0.001473
-3.679198,0.001781
-3.659148,0.002143
-3.639098,0.002567
-3.619048,0.003061
-3.598997,0.003634
-3.578947,0.004295
-3.558897,0.005054
-3.538847,0.005920
-3.518797,0.006904
-3.498747,0.008016
-3.478697,0.009268
-3.458647,0.010668
-3.438596,0.012228
-3.418546,0.013956
-3.398496,0.015861
-3.378446,0.017950
-3.358396,0.020231
-3.338346,0.022707
-3.318296,0.025382
-3.298246,0.028257
-3.278195,0.031333
-3.258145,0.034606
-3.238095,0.038071
-3.218045,0.041722
-3.197995,0.045549
-3.177945,0.049541
-3.157895,0.053683
-3.137845,0.057960
-3.117794,0.062354
-3.097744,0.066845
-3.077694,0.071413
-3.057644,0.076035
-3.037594,0.080690
-3.017544,0.085352
-2.997494,0.090000
-2.977444,0.094610
-2.957393,0.099159
-2.937343,0.103626
-2.917293,0.107991
-2.897243,0.112233
-2.877193,0.116337
-2.857143,0.120286
-2.837093,0.124068
-2.817043,0.127672
-2.796992,0.131089
-2.776942,0.134312
-2.756892,0.137338
-2.736842,0.140164
-2.716792,0.142791
-2.696742,0.145220
-2.676692,0.147455
-2.656642,0.149502
-2.636591,0.151368
-2.616541,0.153059
-2.596491,0.154585
-2.576441,0.155955
-2.556391,0.157180
-2.536341,0.158268
-2.516291,0.159232
-2.496241,0.160080
-2.476190,0.160823
-2.456140,0.161472
-2.436090,0.162035
-2.416040,0.162521
-2.395990,0.162940
-2.375940,0.163298
-2.355890,0.163603
-2.335840,0.163861
-2.315789,0.164080
-2.295739,0.164263
-2.275689,0.164417
-2.255639,0.164544
-2.235589,0.164650
-2.215539,0.164737
-2.195489,0.164808
-2.175439,0.164867
-2.155388,0.164914
-2.135338,0.164952
-2.115288,0.164983
-2.095238,0.165007
-2.075188,0.165026
-2.055138,0.165041
-2.035088,0.165052
-2.015038,0.165060
-1.994987,0.165067
-1.974937,0.165071
-1.954887,0.165074
-1.934837,0.165076
-1.914787,0.165077
-1.894737,0.165077
-1.874687,0.165077
-1.854637,0.165076
-1.834586,0.165074
-1.814536,0.165073
-1.794486,0.165071
-1.774436,0.165069
-1.754386,0.165068
-1.734336,0.165066
-1.714286,0.165064
-1.694236,0.165062
-1.674185,0.165060
-1.654135,0.165058
-1.634085,0.165056
-1.614035,0.165055
-1.593985,0.165053
-1.573935,0.165051
-1.553885,0.165050
-1.533835,0.165048
-1.513784,0.165047
-1.493734,0.165046
-1.473684,0.165045
-1.453634,0.165044
-1.433584,0.165043
-1.413534,0.165042
-1.393484,0.165041
-1.373434,0.165040
-1.353383,0.165039
-1.333333,0.165039
-1.313283,0.165038
-1.293233,0.165038
-1.273183,0.165037
-1.253133,0.165037
-1.233083,0.165036
-1.213033,0.165036
-1.192982,0.165036
-1.172932,0.165035
-1.152882,0.165035
-1.132832,0.165035
-1.112782,0.165035
-1.092732,0.165034
-1.072682,0.165034
-1.052632,0.165034
-1.032581,0.165034
-1.012531,0.165034
-0.992481,0.165034
-0.972431,0.165034
-0.952381,0.165034
-0.932331,0.165033
-0.912281,0.165033
-0.892231,0.165033
-0.872180,0.165033
-0.852130,0.165033
-0.832080,0.165033
-0.812030,0.165033
-0.791980,0.165033
-0.771930,0.165033
-0.751880,0.165033
-0.731830,0.165033
-0.711779,0.165033
-0.691729,0.165033
-0.671679,0.165033
-0.651629,0.165033
-0.631579,0.165033
-0.611529,0.165033
-0.591479,0.165033
-0.571429,0.165033
-0.551378,0.165033
-0.531328,0.165033
-0.511278,0.165033
-0.491228,0.165033
-0.471178,0.165033
-0.451128,0.165033
-0.431078,0.165033
-0.411028,0.165033
-0.390977,0.165033
-0.370927,0.165033
-0.350877,0.165033
-0.330827,0.165033
-0.310777,0.165033
-0.290727,0.165033
-0.270677,0.165033
-0.250627,0.165033
-0.230576,0.165033
-0.210526,0.165033
-0.190476,0.165033
-0.170426,0.165033
-0.150376,0.165033
-0.130326,0.165033
-0.110276,0.165033
-0.090226,0.165033
-0.070175,0.165033
-0.050125,0.165033
-0.030075,0.165033
-0.010025,0.165033
0.010025,0.165033
0.030075,0.165033
0.050125,0.165033
0.070175,0.165033
0.090226,0.165033
0.110276,0.165033
0.130326,0.165033
0.150376,0.165033
0.170426,0.165033
0.190476,0.165033
0.210526,0.165033
0.230576,0.165033
0.250627,0.165033
0.270677,0.165033
0.290727,0.165033
0.310777,0.165033
0.330827,0.165033
0.350877,0.165033
0.370927,0.165033
0.390977,0.165033
0.411028,0.165033
0.431078,0.165033
0.451128,0.165033
0.471178,0.165033
0.491228,0.165033
0.511278,0.165033
0.531328,0.165033
0.551378,0.165033
0.571429,0.165033
0.591479,0.165033
0.611529,0.165033
0.631579,0.165033
0.651629,0.165033
0.671679,0.165033
0.691729,0.165033
0.711779,0.165033
0.731830,0.165033
0.751880,0.165033
0.771930,0.165033
0.791980,0.165033
0.812030,0.165033
0.832080,0.165033
0.852130,0.165033
0.872180,0.165033
0.892231,0.165033
0.912281,0.165033
0.932331,0.165033
0.952381,0.165034
0.972431,0.165034
0.992481,0.165034
1.012531,0.165034
1.032581,0.165034
1.052632,0.165034
1.072682,0.165034
1.092732,0.165034
1.112782,0.165035
1.132832,0.165035
1.152882,0.165035
1.172932,0.165035
1.192982,0.165036
1.213033,0.165036
1.233083,0.165036
1.253133,0.165037
1.273183,0.165037
1.293233,0.165038
1.313283,0.165038
1.333333,0.165039
1.353383,0.165039
1.373434,0.165040
1.393484,0.165041
1.413534,0.165042
1.433584,0.165043
1.453634,0.165044
1.473684,0.165045
1.493734,0.165046
1.513784,0.165047
1.533835,0.165048
1.553885,0.165050
1.573935,0.165051
1.593985,0.165053
1.614035,0.165055
1.634085,0.165056
1.654135,0.165058
1.674185,0.165060
1.694236,0.165062
1.714286,0.165064
1.734336,0.165066
1.754386,0.165068
1.774436,0.165069
1.794486,0.165071
1.814536,0.165073
1.834586,0.165074
1.854637,0.165076
1.874687,0.165077
1.894737,0.165077
1.914787,0.165077
1.934837,0.165076
1.954887,0.165074
1.974937,0.165071
1.994987,0.165067
2.015038,0.165060
2.035088,0.165052
2.055138,0.165041
2.075188,0.165026
2.095238,0.165007
2.115288,0.164983
2.135338,0.164952
2.155388,0.164914
2.175439,0.164867
2.195489,0.164808
2.215539,0.164737
2.235589,0.164650
2.255639,0.164544
2.275689,0.164417
2.295739,0.164263
2.315789,0.164080
2.335840,0.163861
2.355890,0.163603
2.375940,0.163298
2.395990,0.162940
2.416040,0.162521
2.436090,0.162035
2.456140,0.161472
2.476190,0.160823
2.496241,0.160080
2.516291,0.159232
2.536341,0.158268
2.556391,0.157180
2.576441,0.155955
2.596491,0.154585
2.616541,0.153059
2.636591,0.151368
2.656642,0.149502
2.676692,0.147455
2.696742,0.145220
2.716792,0.142791
2.736842,0.140164
2.756892,0.137338
2.776942,0.134312
2.796992,0.131089
2.817043,0.127672
2.837093,0.124068
2.857143,0.120286
2.877193,0.116337
2.897243,0.112233
2.917293,0.107991
2.937343,0.103626
2.957393,0.099159
2.977444,0.094610
2.997494,0.090000
3.017544,0.085352
3.037594,0.080690
3.057644,0.076035
3.077694,0.071413
3.097744,0.066845
3.117794,0.062354
3.137845,0.057960
3.157895,0.053683
3.177945,0.049541
3.197995,0.045549
3.218045,0.041722
3.238095,0.038071
3.258145,0.034606
3.278195,0.031333
3.298246,0.028257
3.318296,0.025382
3.338346,0.022707
3.358396,0.020231
3.378446,0.017950
3.398496,0.015861
3.418546,0.013956
3.438596,0.012228
3.458647,0.010668
3.478697,0.009268
3.498747,0.008016
3.518797,0.006904
3.538847,0.005920
3.558897,0.005054
3.578947,0.004295
3.598997,0.003634
3.619048,0.003061
3.639098,0.002567
3.659148,0.002143
3.679198,0.001781
3.699248,0.001473
3.719298,0.001213
3.739348,0.000995
3.759398,0.000812
3.779449,0.000659
3.799499,0.000533
3.819549,0.000429
3.839599,0.000344
3.859649,0.000274
3.879699,0.000217
3.899749,0.000172
3.919799,0.000135
3.939850,0.000106
3.959900,0.000082
3.979950,0.000064
4.000000,0.000049
n,400,linewidth,1.00,color,0.90,0.90,0.90
-4.000000,0.000003
-3.979950,0.000004
-3.959900,0.000005
-3.939850,0.000007
-3.919799,0.000009
-3.899749,0.000012
-3.879699,0.000016
-3.859649,0.000021
-3.839599,0.000027
-3.819549,0.000034
-3.799499,0.000044
-3.779449,0.000055
-3.759398,0.000070
-3.739348,0.000088
-3.719298,0.000110
-3.699248,0.000137
-3.679198,0.000169
-3.659148,0.000208
-3.639098,0.000255
-3.619048,0.000311
-3.598997,0.000377
-3.578947,0.000456
-3.558897,0.000548
-3.538847,0.000654
-3.518797,0.000778
-3.498747,0.000921
-3.478697,0.001085
-3.458647,0.001271
-3.438596,0.001482
-3.418546,0.001719
-3.398496,0.001984
-3.378446,0.002280
-3.358396,0.002606
-3.338346,0.002964
-3.318296,0.003355
-3.298246,0.003779
-3.278195,0.004235
-3.258145,0.004725
-3.238095,0.005245
-3.218045,0.005795
-3.197995,0.006373
-3.177945,0.006976
-3.157895,0.007600
-3.137845,0.008242
-3.117794,0.008899
-3.097744,0.009566
-3.077694,0.010238
-3.057644,0.010912
-3.037594,0.011582
-3.017544,0.012246
-2.997494,0.012898
-2.977444,0.013535
-2.957393,0.014156
-2.937343,0.014758
-2.917293,0.015340
-2.897243,0.015903
-2.877193,0.016447
-2.857143,0.016974
-2.837093,0.017489
-2.817043,0.017994
-2.796992,0.018497
-2.776942,0.019002
-2.756892,0.019518
-2.736842,0.020051
-2.716792,0.020610
-2.696742,0.021205
-2.676692,0.021842
-2.656642,0.022531
-2.636591,0.023280
-2.616541,0.024096
-2.596491,0.024986
-2.576441,0.025956
-2.556391,0.027011
-2.536341,0.028156
-2.516291,0.029392
-2.496241,0.030722
-2.476190,0.032146
-2.456140,0.033664
-2.436090,0.035275
-2.416040,0.036976
-2.395990,0.038764
-2.375940,0.040637
-2.355890,0.042591
-2.335840,0.044622
-2.315789,0.046727
-2.295739,0.048901
-2.275689,0.051143
-2.255639,0.053449
-2.235589,0.055816
-2.215539,0.058243
-2.195489,0.060730
-2.175439,0.063274
-2.155388,0.065876
-2.135338,0.068536
-2.115288,0.071254
-2.095238,0.074031
-2.075188,0.076867
-2.055138,0.079764
-2.035088,0.082721
-2.015038,0.085738
-1.994987,0.088814
-1.974937,0.091950
-1.954887,0.095144
-1.934837,0.098392
-1.914787,0.101694
-1.894737,0.105045
-1.874687,0.108442
-1.854637,0.111881
-1.834586,0.115356
-1.814536,0.118865
-1.794486,0.122400
-1.774436,0.125958
-1.754386,0.129533
-1.734336,0.133121
-1.714286,0.136717
-1.694236,0.140316
-1.674185,0.143915
-1.654135,0.147511
-1.634085,0.151100
-1.614035,0.154680
-1.593985,0.158249
-1.573935,0.161805
-1.553885,0.165347
-1.533835,0.168875
-1.513784,0.172387
-1.493734,0.175883
-1.473684,0.179363
-1.453634,0.182826
-1.433584,0.186272
-1.413534,0.189699
-1.393484,0.193107
-1.373434,0.196496
-1.353383,0.199862
-1.333333,0.203205
-1.313283,0.206521
-1.293233,0.209810
-1.273183,0.213067
-1.253133,0.216289
-1.233083,0.219473
-1.213033,0.222615
-1.192982,0.225712
-1.172932,0.228760
-1.152882,0.231753
-1.132832,0.234690
-1.112782,0.237566
-1.092732,0.240377
-1.072682,0.243120
-1.052632,0.245793
-1.032581,0.248393
-1.012531,0.250917
-0.992481,0.253364
-0.972431,0.255732
-0.952381,0.258020
-0.932331,0.260228
-0.912281,0.262356
-0.892231,0.264404
-0.872180,0.266373
-0.852130,0.268263
-0.832080,0.270076
-0.812030,0.271813
-0.791980,0.273476
-0.771930,0.275067
-0.751880,0.276587
-0.731830,0.278040
-0.711779,0.279427
-0.691729,0.280750
-0.671679,0.282012
-0.651629,0.283214
-0.631579,0.284360
-0.611529,0.285449
-0.591479,0.286486
-0.571429,0.287472
-0.551378,0.288407
-0.531328,0.289296
-0.511278,0.290137
-0.491228,0.290935
-0.471178,0.291689
-0.451128,0.292401
-0.431078,0.293073
-0.411028,0.293706
-0.390977,0.294300
-0.370927,0.294858
-0.350877,0.295380
-0.330827,0.295867
-0.310777,0.296320
-0.290727,0.296741
-0.270677,0.297129
-0.250627,0.297486
-0.230576,0.297812
-0.210526,0.298108
-0.190476,0.298376
-0.170426,0.298615
-0.150376,0.298826
-0.130326,0.299009
-0.110276,0.299165
-0.090226,0.299295
-0.070175,0.299398
-0.050125,0.299476
-0.030075,0.299527
-0.010025,0.299553
0.010025,0.299553
0.030075,0.299527
0.050125,0.299476
0.070175,0.299398
0.090226,0.299295
0.110276,0.299165
0.130326,0.299009
0.150376,0.298826
0.170426,0.298615
0.190476,0.298376
0.210526,0.298108
0.230576,0.297812
0.250627,0.297486
0.270677,0.297129
0.290727,0.296741
0.310777,0.296320
0.330827,0.295867
0.350877,0.295380
0.370927,0.294858
0.390977,0.294300
0.411028,0.293706
0.431078,0.293073
0.451128,0.292401
0.471178,0.291689
0.491228,0.290935
0.511278,0.290137
0.531328,0.289296
0.551378,0.288407
0.571429,0.287472
0.591479,0.286486
0.611529,0.285449
0.631579,0.284360
0.651629,0.283214
0.671679,0.282012
0.691729,0.280750
0.711779,0.279427
0.731830,0.278040
0.751880,0.276587
0.771930,0.275067
0.791980,0.273476
0.812030,0.271813
0.832080,0.270076
0.852130,0.268263
0.872180,0.266373
0.892231,0.264404
0.912281,0.262356
0.932331,0.260228
0.952381,0.258020
0.972431,0.255732
0.992481,0.253364
1.012531,0.250917
1.032581,0.248393
1.052632,0.245793
1.072682,0.243120
1.092732,0.240377
1.112782,0.237566
1.132832,0.234690
1.152882,0.231753
1.172932,0.228760
1.192982,0.225712
1.213033,0.222615
1.233083,0.219473
1.253133,0.216289
1.273183,0.213067
1.293233,0.209810
1.313283,0.206521
1.333333,0.203205
1.353383,0.199862
1.373434,0.196496
1.393484,0.193107
1.413534,0.189699
1.433584,0.186272
1.453634,0.182826
1.473684,0.179363
1.493734,0.175883
1.513784,0.172387
1.533835,0.168875
1.553885,0.165347
1.573935,0.161805
1.593985,0.158249
1.614035,0.154680
1.634085,0.151100
1.654135,0.147511
1.674185,0.143915
1.694236,0.140316
1.714286,0.136717
1.734336,0.133121
1.754386,0.129533
1.774436,0.125958
1.794486,0.122400
1.814536,0.118865
1.834586,0.115356
1.854637,0.111881
1.874687,0.108442
1.894737,0.105045
1.914787,0.101694
1.934837,0.098392
1.954887,0.095144
1.974937,0.091950
1.994987,0.088814
2.015038,0.085738
2.035088,0.082721
2.055138,0.079764
2.075188,0.076867
2.095238,0.074031
2.115288,0.071254
2.135338,0.068536
2.155388,0.065876
2.175439,0.063274
2.195489,0.060730
2.215539,0.058243
2.235589,0.055816
2.255639,0.053449
2.275689,0.051143
2.295739,0.048901
2.315789,0.046727
2.335840,0.044622
2.355890,0.042591
2.375940,0.040637
2.395990,0.038764
2.416040,0.036976
2.436090,0.035275
2.456140,0.033664
2.476190,0.032146
2.496241,0.030722
2.516291,0.029392
2.536341,0.028156
2.556391,0.027011
2.576441,0.025956
2.596491,0.024986
2.616541,0.024096
2.636591,0.023280
2.656642,0.022531
2.676692,0.021842
2.696742,0.021205
2.716792,0.020610
2.736842,0.020051
2.756892,0.019518
2.776942,0.019002
2.796992,0.018497
2.817043,0.017994
2.837093,0.017489
2.857143,0.016974
2.877193,0.016447
2.897243,0.015903
2.917293,0.015340
2.937343,0.014758
2.957393,0.014156
2.977444,0.013535
2.997494,0.012898
3.017544,0.012246
3.037594,0.011582
3.057644,0.010912
3.077694,0.010238
3.097744,0.009566
3.117794,0.008899
3.137845,0.008242
3.157895,0.007600
3.177945,0.006976
3.197995,0.006373
3.218045,0.005795
3.238095,0.005245
3.258145,0.004725
3.278195,0.004235
3.298246,0.003779
3.318296,0.003355
3.338346,0.002964
3.358396,0.002606
3.378446,0.002280
3.398496,0.001984
3.418546,0.001719
3.438596,0.001482
3.458647,0.001271
3.478697,0.001085
3.498747,0.000921
3.518797,0.000778
3.538847,0.000654
3.558897,0.000548
3.578947,0.000456
3.598997,0.000377
3.619048,0.000311
3.639098,0.000255
3.659148,0.000208
3.679198,0.000169
3.699248,0.000137
3.719298,0.000110
3.739348,0.000088
3.759398,0.000070
3.779449,0.000055
3.799499,0.000044
3.819549,0.000034
3.839599,0.000027
3.859649,0.000021
3.879699,0.000016
3.899749,0.000012
3.919799,0.000009
3.939850,0.000007
3.959900,0.000005
3.979950,0.000004
4.000000,0.000003
n,400,linewidth,1.00,color,0.90,0.90,0.90
-4.000000,0.000000
-3.979950,0.000000
-3.959900,0.000000
-3.939850,0.000000
-3.919799,0.000000
-3.899749,0.000000
-3.879699,0.000000
-3.859649,0.000000
-3.839599,0.000000
-3.819549,0.000000
-3.799499,0.000000
-3.779449,0.000000
-3.759398,0.000000
-3.739348,0.000000
-3.719298,0.000000
-3.699248,0.000000
-3.679198,0.000000
-3.659148,0.000000
-3.639098,0.000000
-3.619048,0.000000
-3.598997,0.000000
-3.578947,0.000000
-3.558897,0.000000
-3.538847,0.000000
-3.518797,0.000000
-3.498747,0.000001
-3.478697,0.000001
-3.458647,0.000001
-3.438596,0.000002
-3.418546,0.000002
-3.398496,0.000003
-3.378446,0.000004
-3.358396,0.000005
-3.338346,0.000007
-3.318296,0.000009
-3.298246,0.000012
-3.278195,0.000016
-3.258145,0.000020
-3.238095,0.000026
-3.218045,0.000034
-3.197995,0.000043
-3.177945,0.000054
-3.157895,0.000069
-3.137845,0.000086
-3.117794,0.000108
-3.097744,0.000134
-3.077694,0.000167
-3.057644,0.000205
-3.037594,0.000252
-3.017544,0.000307
-2.997494,0.000372
-2.977444,0.000450
-2.957393,0.000541
-2.937343,0.000647
-2.917293,0.000769
-2.897243,0.000911
-2.877193,0.001073
-2.857143,0.001258
-2.837093,0.001467
-2.817043,0.001702
-2.796992,0.001966
-2.776942,0.002259
-2.756892,0.002584
-2.736842,0.002940
-2.716792,0.003329
-2.696742,0.003752
-2.676692,0.004208
-2.656642,0.004696
-2.636591,0.005217
-2.616541,0.005767
-2.596491,0.006347
-2.576441,0.006951
-2.556391,0.007579
-2.536341,0.008227
-2.516291,0.008890
-2.496241,0.009565
-2.476190,0.010248
-2.456140,0.010935
-2.436090,0.011622
-2.416040,0.012304
-2.395990,0.012979
-2.375940,0.013644
-2.355890,0.014296
-2.335840,0.014935
-2.315789,0.015559
-2.295739,0.016170
-2.275689,0.016769
-2.255639,0.017359
-2.235589,0.017943
-2.215539,0.018528
-2.195489,0.019118
-2.175439,0.019722
-2.155388,0.020346
-2.135338,0.021000
-2.115288,0.021693
-2.095238,0.022433
-2.075188,0.023231
-2.055138,0.024095
-2.035088,0.025036
-2.015038,0.026061
-1.994987,0.027178
-1.974937,0.028396
-1.954887,0.029721
-1.934837,0.031157
-1.914787,0.032709
-1.894737,0.034382
-1.874687,0.036178
-1.854637,0.038097
-1.834586,0.040142
-1.814536,0.042312
-1.794486,0.044607
-1.774436,0.047026
-1.754386,0.049569
-1.734336,0.052233
-1.714286,0.055018
-1.694236,0.057922
-1.674185,0.060945
-1.654135,0.064086
-1.634085,0.067344
-1.614035,0.070719
-1.593985,0.074212
-1.573935,0.077823
-1.553885,0.081553
-1.533835,0.085403
-1.513784,0.089373
-1.493734,0.093465
-1.473684,0.097681
-1.453634,0.102020
-1.433584,0.106485
-1.413534,0.111074
-1.393484,0.115789
-1.373434,0.120630
-1.353383,0.125595
-1.333333,0.130684
-1.313283,0.135897
-1.293233,0.141231
-1.273183,0.146684
-1.253133,0.152255
-1.233083,0.157941
-1.213033,0.163739
-1.192982,0.169647
-1.172932,0.175660
-1.152882,0.181776
-1.132832,0.187991
-1.112782,0.194301
-1.092732,0.200702
-1.072682,0.207189
-1.052632,0.213757
-1.032581,0.220402
-1.012531,0.227118
-0.992481,0.233899
-0.972431,0.240738
-0.952381,0.247631
-0.932331,0.254569
-0.912281,0.261546
-0.892231,0.268555
-0.872180,0.275587
-0.852130,0.282634
-0.832080,0.289690
-0.812030,0.296745
-0.791980,0.303790
-0.771930,0.310817
-0.751880,0.317818
-0.731830,0.324784
-0.711779,0.331705
-0.691729,0.338572
-0.671679,0.345378
-0.651629,0.352113
-0.631579,0.358767
-0.611529,0.365332
-0.591479,0.371799
-0.571429,0.378159
-0.551378,0.384402
-0.531328,0.390521
-0.511278,0.396505
-0.491228,0.402345
-0.471178,0.408034
-0.451128,0.413561
-0.431078,0.418919
-0.411028,0.424098
-0.390977,0.429089
-0.370927,0.433886
-0.350877,0.438479
-0.330827,0.442861
-0.310777,0.447024
-0.290727,0.450961
-0.270677,0.454667
-0.250627,0.458133
-0.230576,0.461355
-0.210526,0.464327
-0.190476,0.467044
-0.170426,0.469502
-0.150376,0.471696
-0.130326,0.473624
-0.110276,0.475282
-0.090226,0.476667
-0.070175,0.477778
-0.050125,0.478613
-0.030075,0.479170
-0.010025,0.479449
0.010025,0.479449
0.030075,0.479170
0.050125,0.478613
0.070175,0.477778
0.090226,0.476667
0.110276,0.475282
0.130326,0.473624
0.150376,0.471696
0.170426,0.469502
0.190476,0.467044
0.210526,0.464327
0.230576,0.461355
0.250627,0.458133
0.270677,0.454667
0.290727,0.450961
0.310777,0.447024
0.330827,0.442861
0.350877,0.438479
0.370927,0.433886
0.390977,0.429089
0.411028,0.424098
0.431078,0.418919
0.451128,0.413561
0.471178,0.408034
0.491228,0.402345
0.511278,0.396505
0.531328,0.390521
0.551378,0.384402
0.571429,0.378159
0.591479,0.371799
0.611529,0.365332
0.631579,0.358767
0.651629,0.352113
0.671679,0.345378
0.691729,0.338572
0.711779,0.331705
0.731830,0.324784
0.751880,0.317818
0.771930,0.310817
0.791980,0.303790
0.812030,0.296745
0.832080,0.289690
0.852130,0.282634
0.872180,0.275587
0.892231,0.268555
0.912281,0.261546
0.932331,0.254569
0.952381,0.247631
0.972431,0.240738
0.992481,0.233899
1.012531,0.227118
1.032581,0.220402
1.052632,0.213757
1.072682,0.207189
1.092732,0.200702
1.112782,0.194301
1.132832,0.187991
1.152882,0.181776
1.172932,0.175660
1.192982,0.169647
1.213033,0.163739
1.233083,0.157941
1.253133,0.152255
1.273183,0.146684
1.293233,0.141231
1.313283,0.135897
1.333333,0.130684
1.353383,0.125595
1.373434,0.120630
1.393484,0.115789
1.413534,0.111074
1.433584,0.106485
1.453634,0.102020
1.473684,0.097681
1.493734,0.093465
1.513784,0.089373
1.533835,0.085403
1.553885,0.081553
1.573935,0.077823
1.593985,0.074212
1.614035,0.070719
1.634085,0.067344
1.654135,0.064086
1.674185,0.060945
1.694236,0.057922
1.714286,0.055018
1.734336,0.052233
1.754386,0.049569
1.774436,0.047026
1.794486,0.044607
1.814536,0.042312
1.834586,0.040142
1.854637,0.038097
1.874687,0.036178
1.894737,0.034382
1.914787,0.032709
1.934837,0.031157
1.954887,0.029721
1.974937,0.028396
1.994987,0.027178
2.015038,0.026061
2.035088,0.025036
2.055138,0.024095
2.075188,0.023231
2.095238,0.022433
2.115288,0.021693
2.135338,0.021000
2.155388,0.020346
2.175439,0.019722
2.195489,0.019118
2.215539,0.018528
2.235589,0.017943
2.255639,0.017359
2.275689,0.016769
2.295739,0.016170
2.315789,0.015559
2.335840,0.014935
2.355890,0.014296
2.375940,0.013644
2.395990,0.012979
2.416040,0.012304
2.436090,0.011622
2.456140,0.010935
2.476190,0.010248
2.496241,0.009565
2.516291,0.008890
2.536341,0.008227
2.556391,0.007579
2.576441,0.006951
2.596491,0.006347
2.616541,0.005767
2.636591,0.005217
2.656642,0.004696
2.676692,0.004208
2.696742,0.003752
2.716792,0.003329
2.736842,0.002940
2.756892,0.002584
2.776942,0.002259
2.796992,0.001966
2.817043,0.001702
2.837093,0.001467
2.857143,0.001258
2.877193,0.001073
2.897243,0.000911
2.917293,0.000769
2.937343,0.000647
2.957393,0.000541
2.977444,0.000450
2.997494,0.000372
3.017544,0.000307
3.037594,0.000252
3.057644,0.000205
3.077694,0.000167
3.097744,0.000134
3.117794,0.000108
3.137845,0.000086
3.157895,0.000069
3.177945,0.000054
3.197995,0.000043
3.218045,0.000034
3.238095,0.000026
3.258145,0.000020
3.278195,0.000016
3.298246,0.000012
3.318296,0.000009
3.338346,0.000007
3.358396,0.000005
3.378446,0.000004
3.398496,0.000003
3.418546,0.000002
3.438596,0.000002
3.458647,0.000001
3.478697,0.000001
3.498747,0.000001
3.518797,0.000000
3.538847,0.000000
3.558897,0.000000
3.578947,0.000000
3.598997,0.000000
3.619048,0.000000
3.639098,0.000000
3.659148,0.000000
3.679198,0.000000
3.699248,0.000000
3.719298,0.000000
3.739348,0.000000
3.759398,0.000000
3.779449,0.000000
3.799499,0.000000
3.819549,0.000000
3.839599,0.000000
3.859649,0.000000
3.879699,0.000000
3.899749,0.000000
3.919799,0.000000
3.939850,0.000000
3.959900,0.000000
3.979950,0.000000
4.000000,0.000000
n,400,linewidth,2.00,color,0.60,0.60,0.60
-4.000000,0.000000
-3.979950,0.000000
-3.959900,0.000000
-3.939850,0.000000
-3.919799,0.000000
-3.899749,0.000000
-3.879699,0.000000
-3.859649,0.000000
-3.839599,0.000000
-3.819549,0.000000
-3.799499,0.000000
-3.779449,0.000000
-3.759398,0.000000
-3.739348,0.000000
-3.719298,0.000000
-3.699248,0.000001
-3.679198,0.000001
-3.659148,0.000001
-3.639098,0.000001
-3.619048,0.000001
-3.598997,0.000001
-3.578947,0.000001
-3.558897,0.000002
-3.538847,0.000002
-3.518797,0.000002
-3.498747,0.000002
-3.478697,0.000003
-3.458647,0.000003
-3.438596,0.000004
-3.418546,0.000004
-3.398496,0.000005
-3.378446,0.000005
-3.358396,0.000006
-3.338346,0.000007
-3.318296,0.000008
-3.298246,0.000009
-3.278195,0.000011
-3.258145,0.000012
-3.238095,0.000014
-3.218045,0.000016
-3.197995,0.000018
-3.177945,0.000020
-3.157895,0.000023
-3.137845,0.000026
-3.117794,0.000030
-3.097744,0.000034
-3.077694,0.000038
-3.057644,0.000043
-3.037594,0.000049
-3.017544,0.000056
-2.997494,0.000063
-2.977444,0.000071
-2.957393,0.000080
-2.937343,0.000090
-2.917293,0.000101
-2.897243,0.000114
-2.877193,0.000128
-2.857143,0.000143
-2.837093,0.000161
-2.817043,0.000180
-2.796992,0.000202
-2.776942,0.000226
-2.756892,0.000253
-2.736842,0.000282
-2.716792,0.000315
-2.696742,0.000352
-2.676692,0.000392
-2.656642,0.000436
-2.636591,0.000486
-2.616541,0.000540
-2.596491,0.000600
-2.576441,0.000666
-2.556391,0.000739
-2.536341,0.000819
-2.516291,0.000907
-2.496241,0.001004
-2.476190,0.001110
-2.456140,0.001226
-2.436090,0.001354
-2.416040,0.001493
-2.395990,0.001646
-2.375940,0.001813
-2.355890,0.001995
-2.335840,0.002193
-2.315789,0.002410
-2.295739,0.002645
-2.275689,0.002901
-2.255639,0.003180
-2.235589,0.003482
-2.215539,0.003811
-2.195489,0.004166
-2.175439,0.004551
-2.155388,0.004968
-2.135338,0.005419
-2.115288,0.005906
-2.095238,0.006431
-2.075188,0.006998
-2.055138,0.007608
-2.035088,0.008265
-2.015038,0.008971
-1.994987,0.009730
-1.974937,0.010545
-1.954887,0.011418
-1.934837,0.012354
-1.914787,0.013356
-1.894737,0.014428
-1.874687,0.015573
-1.854637,0.016796
-1.834586,0.018100
-1.814536,0.019489
-1.794486,0.020969
-1.774436,0.022542
-1.754386,0.024214
-1.734336,0.025990
-1.714286,0.027873
-1.694236,0.029868
-1.674185,0.031981
-1.654135,0.034215
-1.634085,0.036576
-1.614035,0.039069
-1.593985,0.041698
-1.573935,0.044468
-1.553885,0.047384
-1.533835,0.050450
-1.513784,0.053672
-1.493734,0.057054
-1.473684,0.060600
-1.453634,0.064315
-1.433584,0.068203
-1.413534,0.072268
-1.393484,0.076513
-1.373434,0.080942
-1.353383,0.085559
-1.333333,0.090367
-1.313283,0.095369
-1.293233,0.100566
-1.273183,0.105961
-1.253133,0.111556
-1.233083,0.117352
-1.213033,0.123350
-1.192982,0.129550
-1.172932,0.135953
-1.152882,0.142557
-1.132832,0.149362
-1.112782,0.156366
-1.092732,0.163567
-1.072682,0.170962
-1.052632,0.178548
-1.032581,0.186320
-1.012531,0.194275
-0.992481,0.202406
-0.972431,0.210708
-0.952381,0.219174
-0.932331,0.227798
-0.912281,0.236570
-0.892231,0.245483
-0.872180,0.254527
-0.852130,0.263692
-0.832080,0.272967
-0.812030,0.282342
-0.791980,0.291804
-0.771930,0.301340
-0.751880,0.310938
-0.731830,0.320584
-0.711779,0.330264
-0.691729,0.339962
-0.671679,0.349664
-0.651629,0.359353
-0.631579,0.369015
-0.611529,0.378631
-0.591479,0.388186
-0.571429,0.397663
-0.551378,0.407043
-0.531328,0.416309
-0.511278,0.425445
-0.491228,0.434431
-0.471178,0.443251
-0.451128,0.451886
-0.431078,0.460319
-0.411028,0.468533
-0.390977,0.476510
-0.370927,0.484233
-0.350877,0.491687
-0.330827,0.498853
-0.310777,0.505717
-0.290727,0.512264
-0.270677,0.518478
-0.250627,0.524346
-0.230576,0.529855
-0.210526,0.534990
-0.190476,0.539742
-0.170426,0.544098
-0.150376,0.548048
-0.130326,0.551583
-0.110276,0.554695
-0.090226,0.557377
-0.070175,0.559621
-0.050125,0.561422
-0.030075,0.562777
-0.010025,0.563681
0.010025,0.564133
0.030075,0.564132
0.050125,0.563678
0.070175,0.562771
0.090226,0.561414
0.110276,0.559610
0.130326,0.557364
0.150376,0.554680
0.170426,0.551566
0.190476,0.548029
0.210526,0.544076
0.230576,0.539718
0.250627,0.534965
0.270677,0.529827
0.290727,0.524317
0.310777,0.518447
0.330827,0.512231
0.350877,0.505683
0.370927,0.498817
0.390977,0.491649
0.411028,0.484195
0.431078,0.476470
0.451128,0.468492
0.471178,0.460277
0.491228,0.451842
0.511278,0.443206
0.531328,0.434385
0.551378,0.425398
0.571429,0.416262
0.591479,0.406995
0.611529,0.397614
0.631579,0.388138
0.651629,0.378582
0.671679,0.368965
0.691729,0.359304
0.711779,0.349614
0.731830,0.339912
0.751880,0.330214
0.771930,0.320534
0.791980,0.310889
0.812030,0.301291
0.832080,0.291755
0.852130,0.282293
0.872180,0.272919
0.892231,0.263645
0.912281,0.254480
0.932331,0.245437
0.952381,0.236525
0.972431,0.227753
0.992481,0.219131
1.012531,0.210665
1.032581,0.202364
1.052632,0.194233
1.072682,0.186280
1.092732,0.178508
1.112782,0.170923
1.132832,0.163529
1.152882,0.156329
1.172932,0.149326
1.192982,0.142522
1.213033,0.135919
1.233083,0.129518
1.253133,0.123319
1.273183,0.117322
1.293233,0.111527
1.313283,0.105933
1.333333,0.100539
1.353383,0.095342
1.373434,0.090342
1.393484,0.085535
1.413534,0.080919
1.433584,0.076491
1.453634,0.072246
1.473684,0.068183
1.493734,0.064296
1.513784,0.060582
1.533835,0.057036
1.553885,0.053655
1.573935,0.050434
1.593985,0.047369
1.614035,0.044453
1.634085,0.041684
1.654135,0.039056
1.674185,0.036564
1.694236,0.034203
1.714286,0.031969
1.734336,0.029858
1.754386,0.027863
1.774436,0.025980
1.794486,0.024206
1.814536,0.022534
1.834586,0.020961
1.854637,0.019482
1.874687,0.018093
1.894737,0.016789
1.914787,0.015567
1.934837,0.014422
1.954887,0.013351
1.974937,0.012349
1.994987,0.011414
2.015038,0.010540
2.035088,0.009726
2.055138,0.008967
2.075188,0.008261
2.095238,0.007605
2.115288,0.006995
2.135338,0.006428
2.155388,0.005903
2.175439,0.005417
2.195489,0.004966
2.215539,0.004549
2.235589,0.004164
2.255639,0.003809
2.275689,0.003481
2.295739,0.003178
2.315789,0.002900
2.335840,0.002644
2.355890,0.002408
2.375940,0.002192
2.395990,0.001994
2.416040,0.001812
2.436090,0.001645
2.456140,0.001493
2.476190,0.001353
2.496241,0.001226
2.516291,0.001110
2.536341,0.001003
2.556391,0.000907
2.576441,0.000819
2.596491,0.000739
2.616541,0.000666
2.636591,0.000600
2.656642,0.000540
2.676692,0.000485
2.696742,0.000436
2.716792,0.000392
2.736842,0.000351
2.756892,0.000315
2.776942,0.000282
2.796992,0.000253
2.817043,0.000226
2.837093,0.000202
2.857143,0.000180
2.877193,0.000161
2.897243,0.000143
2.917293,0.000128
2.937343,0.000114
2.957393,0.000101
2.977444,0.000090
2.997494,0.000080
3.017544,0.000071
3.037594,0.000063
3.057644,0.000055
3.077694,0.000049
3.097744,0.000043
3.117794,0.000038
3.137845,0.000034
3.157895,0.000030
3.177945,0.000026
3.197995,0.000023
3.218045,0.000020
3.238095,0.000018
3.258145,0.000016
3.278195,0.000014
3.298246,0.000012
3.318296,0.000011
3.338346,0.000009
3.358396,0.000008
3.378446,0.000007
3.398496,0.000006
3.418546,0.000005
3.438596,0.000005
3.458647,0.000004
3.478697,0.000004
3.498747,0.000003
3.518797,0.000003
3.538847,0.000002
3.558897,0.000002
3.578947,0.000002
3.598997,0.000002
3.619048,0.000001
3.639098,0.000001
3.659148,0.000001
3.679198,0.000001
3.699248,0.000001
3.719298,0.000001
3.739348,0.000001
3.759398,0.000000
3.779449,0.000000
3.799499,0.000000
3.819549,0.000000
3.839599,0.000000
3.859649,0.000000
3.879699,0.000000
3.899749,0.000000
3.919799,0.000000
3.939850,0.000000
3.959900,0.000000
3.979950,0.000000
4.000000,0.000000
n,400,linewidth,2.00,color,0.00,0.00,1.00,label,$t=0.02$
-4.000000,0.000000
-3.979950,0.000000
-3.959900,0.000000
-3.939850,0.000000
-3.919799,0.000000
-3.899749,0.000000
-3.879699,0.000000
-3.859649,0.000000
-3.839599,0.000000
-3.819549,0.000000
-3.799499,0.000000
-3.779449,0.000000
-3.759398,0.000000
-3.739348,0.000000
-3.719298,0.000000
-3.699248,0.000000
-3.679198,0.000000
-3.659148,0.000000
-3.639098,0.000000
-3.619048,0.000000
-3.598997,0.000000
-3.578947,0.000000
-3.558897,0.000000
-3.538847,0.000000
-3.518797,0.000000
-3.498747,0.000000
-3.478697,0.000000
-3.458647,0.000000
-3.438596,0.000000
-3.418546,0.000000
-3.398496,0.000000
-3.378446,0.000000
-3.358396,0.000000
-3.338346,0.000000
-3.318296,0.000000
-3.298246,0.000000
-3.278195,0.000000
-3.258145,0.000000
-3.238095,0.000000
-3.218045,0.000000
-3.197995,0.000000
-3.177945,0.000000
-3.157895,0.000000
-3.137845,0.000000
-3.117794,0.000000
-3.097744,0.000000
-3.077694,0.000000
-3.057644,0.000000
-3.037594,0.000001
-3.017544,0.000001
-2.997494,0.000001
-2.977444,0.000002
-2.957393,0.000002
-2.937343,0.000003
-2.917293,0.000004
-2.897243,0.000005
-2.877193,0.000007
-2.857143,0.000009
-2.837093,0.000012
-2.817043,0.000016
-2.796992,0.000020
-2.776942,0.000026
-2.756892,0.000034
-2.736842,0.000043
-2.716792,0.000055
-2.696742,0.000069
-2.676692,0.000087
-2.656642,0.000109
-2.636591,0.000136
-2.616541,0.000169
-2.596491,0.000208
-2.576441,0.000256
-2.556391,0.000312
-2.536341,0.000379
-2.516291,0.000459
-2.496241,0.000552
-2.476190,0.000661
-2.456140,0.000788
-2.436090,0.000935
-2.416040,0.001104
-2.395990,0.001297
-2.375940,0.001518
-2.355890,0.001767
-2.335840,0.002048
-2.315789,0.002362
-2.295739,0.002713
-2.275689,0.003102
-2.255639,0.003531
-2.235589,0.004002
-2.215539,0.004517
-2.195489,0.005077
-2.175439,0.005684
-2.155388,0.006337
-2.135338,0.007039
-2.115288,0.007788
-2.095238,0.008587
-2.075188,0.009434
-2.055138,0.010330
-2.035088,0.011275
-2.015038,0.012269
-1.994987,0.013313
-1.974937,0.014406
-1.954887,0.015551
-1.934837,0.016748
-1.914787,0.017998
-1.894737,0.019305
-1.874687,0.020671
-1.854637,0.022099
-1.834586,0.023594
-1.814536,0.025159
-1.794486,0.026802
-1.774436,0.028526
-1.754386,0.030340
-1.734336,0.032248
-1.714286,0.034259
-1.694236,0.036379
-1.674185,0.038615
-1.654135,0.040975
-1.634085,0.043464
-1.614035,0.046091
-1.593985,0.048860
-1.573935,0.051777
-1.553885,0.054848
-1.533835,0.058077
-1.513784,0.061467
-1.493734,0.065023
-1.473684,0.068747
-1.453634,0.072642
-1.433584,0.076708
-1.413534,0.080949
-1.393484,0.085364
-1.373434,0.089954
-1.353383,0.094721
-1.333333,0.099664
-1.313283,0.104784
-1.293233,0.110082
-1.273183,0.115557
-1.253133,0.121210
-1.233083,0.127040
-1.213033,0.133048
-1.192982,0.139233
-1.172932,0.145594
-1.152882,0.152130
-1.132832,0.158841
-1.112782,0.165723
-1.092732,0.172776
-1.072682,0.179995
-1.052632,0.187377
-1.032581,0.194918
-1.012531,0.202612
-0.992481,0.210455
-0.972431,0.218438
-0.952381,0.226556
-0.932331,0.234801
-0.912281,0.243163
-0.892231,0.251635
-0.872180,0.260206
-0.852130,0.268866
-0.832080,0.277604
-0.812030,0.286411
-0.791980,0.295274
-0.771930,0.304182
-0.751880,0.313122
-0.731830,0.322084
-0.711779,0.331053
-0.691729,0.340017
-0.671679,0.348964
-0.651629,0.357880
-0.631579,0.366750
-0.611529,0.375562
-0.591479,0.384302
-0.571429,0.392954
-0.551378,0.401504
-0.531328,0.409937
-0.511278,0.418239
-0.491228,0.426393
-0.471178,0.434385
-0.451128,0.442200
-0.431078,0.449821
-0.411028,0.457234
-0.390977,0.464424
-0.370927,0.471376
-0.350877,0.478075
-0.330827,0.484508
-0.310777,0.490660
-0.290727,0.496520
-0.270677,0.502073
-0.250627,0.507309
-0.230576,0.512217
-0.210526,0.516786
-0.190476,0.521007
-0.170426,0.524871
-0.150376,0.528371
-0.130326,0.531499
-0.110276,0.534249
-0.090226,0.536616
-0.070175,0.538595
-0.050125,0.540182
-0.030075,0.541375
-0.010025,0.542172
0.010025,0.542570
0.030075,0.542569
0.050125,0.542169
0.070175,0.541370
0.090226,0.540175
0.110276,0.538586
0.130326,0.536605
0.150376,0.534236
0.170426,0.531484
0.190476,0.528354
0.210526,0.524853
0.230576,0.520987
0.250627,0.516764
0.270677,0.512193
0.290727,0.507284
0.310777,0.502046
0.330827,0.496491
0.350877,0.490630
0.370927,0.484476
0.390977,0.478042
0.411028,0.471342
0.431078,0.464389
0.451128,0.457198
0.471178,0.449783
0.491228,0.442161
0.511278,0.434346
0.531328,0.426353
0.551378,0.418197
0.571429,0.409895
0.591479,0.401461
0.611529,0.392911
0.631579,0.384258
0.651629,0.375519
0.671679,0.366706
0.691729,0.357835
0.711779,0.348919
0.731830,0.339973
0.751880,0.331008
0.771930,0.322039
0.791980,0.313078
0.812030,0.304137
0.832080,0.295230
0.852130,0.286367
0.872180,0.277561
0.892231,0.268822
0.912281,0.260163
0.932331,0.251592
0.952381,0.243121
0.972431,0.234759
0.992481,0.226516
1.012531,0.218398
1.032581,0.210415
1.052632,0.202573
1.072682,0.194880
1.092732,0.187340
1.112782,0.179958
1.132832,0.172740
1.152882,0.165688
1.172932,0.158807
1.192982,0.152097
1.213033,0.145561
1.233083,0.139201
1.253133,0.133017
1.273183,0.127011
1.293233,0.121181
1.313283,0.115529
1.333333,0.110055
1.353383,0.104758
1.373434,0.099639
1.393484,0.094696
1.413534,0.089931
1.433584,0.085341
1.453634,0.080927
1.473684,0.076688
1.493734,0.072622
1.513784,0.068728
1.533835,0.065005
1.553885,0.061450
1.573935,0.058060
1.593985,0.054832
1.614035,0.051762
1.634085,0.048845
1.654135,0.046077
1.674185,0.043452
1.694236,0.040963
1.714286,0.038604
1.734336,0.036368
1.754386,0.034249
1.774436,0.032239
1.794486,0.030330
1.814536,0.028518
1.834586,0.026793
1.854637,0.025151
1.874687,0.023586
1.894737,0.022092
1.914787,0.020664
1.934837,0.019298
1.954887,0.017992
1.974937,0.016742
1.994987,0.015545
2.015038,0.014401
2.035088,0.013307
2.055138,0.012264
2.075188,0.011270
2.095238,0.010325
2.115288,0.009429
2.135338,0.008582
2.155388,0.007784
2.175439,0.007035
2.195489,0.006334
2.215539,0.005681
2.235589,0.005075
2.255639,0.004515
2.275689,0.004000
2.295739,0.003529
2.315789,0.003100
2.335840,0.002711
2.355890,0.002361
2.375940,0.002046
2.395990,0.001766
2.416040,0.001516
2.436090,0.001296
2.456140,0.001103
2.476190,0.000934
2.496241,0.000787
2.516291,0.000661
2.536341,0.000551
2.556391,0.000458
2.576441,0.000379
2.596491,0.000312
2.616541,0.000255
2.636591,0.000208
2.656642,0.000169
2.676692,0.000136
2.696742,0.000109
2.716792,0.000087
2.736842,0.000069
2.756892,0.000055
2.776942,0.000043
2.796992,0.000034
2.817043,0.000026
2.837093,0.000020
2.857143,0.000016
2.877193,0.000012
2.897243,0.000009
2.917293,0.000007
2.937343,0.000005
2.957393,0.000004
2.977444,0.000003
2.997494,0.000002
3.017544,0.000002
3.037594,0.000001
3.057644,0.000001
3.077694,0.000001
3.097744,0.000000
3.117794,0.000000
3.137845,0.000000
3.157895,0.000000
3.177945,0.000000
3.197995,0.000000
3.218045,0.000000
3.238095,0.000000
3.258145,0.000000
3.278195,0.000000
3.298246,0.000000
3.318296,0.000000
3.338346,0.000000
3.358396,0.000000
3.378446,0.000000
3.398496,0.000000
3.418546,0.000000
3.438596,0.000000
3.458647,0.000000
3.478697,0.000000
3.498747,0.000000
3.518797,0.000000
3.538847,0.000000
3.558897,0.000000
3.578947,0.000000
3.598997,0.000000
3.619048,0.000000
3.639098,0.000000
3.659148,0.000000
3.679198,0.000000
3.699248,0.000000
3.719298,0.000000
3.739348,0.000000
3.759398,0.000000
3.779449,0.000000
3.799499,0.000000
3.819549,0.000000
3.839599,0.000000
3.859649,0.000000
3.879699,0.000000
3.899749,0.000000
3.919799,0.000000
3.939850,0.000000
3.959900,0.000000
3.979950,0.000000
4.000000,0.000000
n,400,linewidth,2.00,color,0.60,0.60,0.60
-4.000000,0.000000
-3.979950,0.000000
-3.959900,0.000000
-3.939850,0.000000
-3.919799,0.000000
-3.899749,0.000000
-3.879699,0.000000
-3.859649,0.000000
-3.839599,0.000000
-3.819549,0.000000
-3.799499,0.000000
-3.779449,0.000000
-3.759398,0.000000
-3.739348,0.000000
-3.719298,0.000000
-3.699248,0.000000
-3.679198,0.000000
-3.659148,0.000000
-3.639098,0.000000
-3.619048,0.000000
-3.598997,0.000000
-3.578947,0.000000
-3.558897,0.000000
-3.538847,0.000000
-3.518797,0.000000
-3.498747,0.000000
-3.478697,0.000000
-3.458647,0.000000
-3.438596,0.000000
-3.418546,0.000000
-3.398496,0.000000
-3.378446,0.000000
-3.358396,0.000000
-3.338346,0.000000
-3.318296,0.000000
-3.298246,0.000000
-3.278195,0.000000
-3.258145,0.000000
-3.238095,0.000000
-3.218045,0.000001
-3.197995,0.000001
-3.177945,0.000001
-3.157895,0.000001
-3.137845,0.000001
-3.117794,0.000001
-3.097744,0.000001
-3.077694,0.000002
-3.057644,0.000002
-3.037594,0.000002
-3.017544,0.000002
-2.997494,0.000003
-2.977444,0.000003
-2.957393,0.000004
-2.937343,0.000004
-2.917293,0.000005
-2.897243,0.000006
-2.877193,0.000006
-2.857143,0.000007
-2.837093,0.000008
-2.817043,0.000010
-2.796992,0.000011
-2.776942,0.000012
-2.756892,0.000014
-2.736842,0.000016
-2.716792,0.000018
-2.696742,0.000021
-2.676692,0.000024
-2.656642,0.000027
-2.636591,0.000031
-2.616541,0.000035
-2.596491,0.000039
-2.576441,0.000045
-2.556391,0.000050
-2.536341,0.000057
-2.516291,0.000064
-2.496241,0.000073
-2.476190,0.000082
-2.456140,0.000092
-2.436090,0.000104
-2.416040,0.000117
-2.395990,0.000131
-2.375940,0.000147
-2.355890,0.000165
-2.335840,0.000185
-2.315789,0.000207
-2.295739,0.000231
-2.275689,0.000259
-2.255639,0.000289
-2.235589,0.000323
-2.215539,0.000360
-2.195489,0.000401
-2.175439,0.000447
-2.155388,0.000497
-2.135338,0.000553
-2.115288,0.000614
-2.095238,0.000681
-2.075188,0.000756
-2.055138,0.000837
-2.035088,0.000927
-2.015038,0.001026
-1.994987,0.001134
-1.974937,0.001253
-1.954887,0.001383
-1.934837,0.001525
-1.914787,0.001681
-1.894737,0.001851
-1.874687,0.002036
-1.854637,0.002238
-1.834586,0.002459
-1.814536,0.002699
-1.794486,0.002960
-1.774436,0.003243
-1.754386,0.003551
-1.734336,0.003885
-1.714286,0.004247
-1.694236,0.004639
-1.674185,0.005063
-1.654135,0.005521
-1.634085,0.006016
-1.614035,0.006550
-1.593985,0.007125
-1.573935,0.007746
-1.553885,0.008413
-1.533835,0.009130
-1.513784,0.009901
-1.493734,0.010728
-1.473684,0.011615
-1.453634,0.012565
-1.433584,0.013581
-1.413534,0.014669
-1.393484,0.015830
-1.373434,0.017070
-1.353383,0.018392
-1.333333,0.019801
-1.313283,0.021300
-1.293233,0.022894
-1.273183,0.024588
-1.253133,0.026386
-1.233083,0.028293
-1.213033,0.030313
-1.192982,0.032452
-1.172932,0.034713
-1.152882,0.037102
-1.132832,0.039624
-1.112782,0.042283
-1.092732,0.045084
-1.072682,0.048032
-1.052632,0.051132
-1.032581,0.054388
-1.012531,0.057805
-0.992481,0.061387
-0.972431,0.065138
-0.952381,0.069064
-0.932331,0.073167
-0.912281,0.077452
-0.892231,0.081922
-0.872180,0.086580
-0.852130,0.091429
-0.832080,0.096472
-0.812030,0.101712
-0.791980,0.107150
-0.771930,0.112788
-0.751880,0.118628
-0.731830,0.124669
-0.711779,0.130913
-0.691729,0.137359
-0.671679,0.144007
-0.651629,0.150855
-0.631579,0.157901
-0.611529,0.165144
-0.591479,0.172581
-0.571429,0.180207
-0.551378,0.188019
-0.531328,0.196012
-0.511278,0.204181
-0.491228,0.212519
-0.471178,0.221020
-0.451128,0.229676
-0.431078,0.238480
-0.411028,0.247422
-0.390977,0.256492
-0.370927,0.265682
-0.350877,0.274980
-0.330827,0.284374
-0.310777,0.293853
-0.290727,0.303404
-0.270677,0.313014
-0.250627,0.322668
-0.230576,0.332353
-0.210526,0.342053
-0.190476,0.351754
-0.170426,0.361439
-0.150376,0.371092
-0.130326,0.380697
-0.110276,0.390236
-0.090226,0.399693
-0.070175,0.409050
-0.050125,0.418290
-0.030075,0.427395
-0.010025,0.436347
0.010025,0.445128
0.030075,0.453721
0.050125,0.462109
0.070175,0.470273
0.090226,0.478197
0.110276,0.485863
0.130326,0.493256
0.150376,0.500359
0.170426,0.507156
0.190476,0.513632
0.210526,0.519773
0.230576,0.525564
0.250627,0.530993
0.270677,0.536047
0.290727,0.540714
0.310777,0.544984
0.330827,0.548845
0.350877,0.552290
0.370927,0.555310
0.390977,0.557897
0.411028,0.560046
0.431078,0.561752
0.451128,0.563010
0.471178,0.563817
0.491228,0.564172
0.511278,0.564073
0.531328,0.563520
0.551378,0.562516
0.571429,0.561063
0.591479,0.559163
0.611529,0.556822
0.631579,0.554045
0.651629,0.550839
0.671679,0.547212
0.691729,0.543171
0.711779,0.538727
0.731830,0.533890
0.751880,0.528671
0.771930,0.523082
0.791980,0.517136
0.812030,0.510847
0.832080,0.504229
0.852130,0.497297
0.872180,0.490066
0.892231,0.482552
0.912281,0.474771
0.932331,0.466740
0.952381,0.458477
0.972431,0.449997
0.992481,0.441320
1.012531,0.432462
1.032581,0.423441
1.052632,0.414275
1.072682,0.404982
1.092732,0.395579
1.112782,0.386084
1.132832,0.376514
1.152882,0.366886
1.172932,0.357217
1.192982,0.347523
1.213033,0.337821
1.233083,0.328125
1.253133,0.318452
1.273183,0.308816
1.293233,0.299230
1.313283,0.289709
1.333333,0.280265
1.353383,0.270912
1.373434,0.261660
1.393484,0.252520
1.413534,0.243505
1.433584,0.234622
1.453634,0.225882
1.473684,0.217292
1.493734,0.208862
1.513784,0.200597
1.533835,0.192504
1.553885,0.184589
1.573935,0.176857
1.593985,0.169313
1.614035,0.161961
1.634085,0.154803
1.654135,0.147843
1.674185,0.141082
1.694236,0.134522
1.714286,0.128164
1.734336,0.122009
1.754386,0.116056
1.774436,0.110304
1.794486,0.104753
1.814536,0.099402
1.834586,0.094248
1.854637,0.089290
1.874687,0.084524
1.894737,0.079949
1.914787,0.075560
1.934837,0.071355
1.954887,0.067330
1.974937,0.063481
1.994987,0.059804
2.015038,0.056294
2.035088,0.052948
2.055138,0.049761
2.075188,0.046728
2.095238,0.043844
2.115288,0.041106
2.135338,0.038507
2.155388,0.036044
2.175439,0.033711
2.195489,0.031504
2.215539,0.029418
2.235589,0.027448
2.255639,0.025589
2.275689,0.023837
2.295739,0.022187
2.315789,0.020634
2.335840,0.019175
2.355890,0.017805
2.375940,0.016519
2.395990,0.015314
2.416040,0.014185
2.436090,0.013129
2.456140,0.012142
2.476190,0.011220
2.496241,0.010360
2.516291,0.009558
2.536341,0.008811
2.556391,0.008116
2.576441,0.007469
2.596491,0.006869
2.616541,0.006312
2.636591,0.005795
2.656642,0.005317
2.676692,0.004873
2.696742,0.004464
2.716792,0.004085
2.736842,0.003736
2.756892,0.003413
2.776942,0.003116
2.796992,0.002843
2.817043,0.002591
2.837093,0.002360
2.857143,0.002148
2.877193,0.001953
2.897243,0.001775
2.917293,0.001611
2.937343,0.001462
2.957393,0.001325
2.977444,0.001200
2.997494,0.001086
3.017544,0.000982
3.037594,0.000887
3.057644,0.000801
3.077694,0.000722
3.097744,0.000651
3.117794,0.000586
3.137845,0.000528
3.157895,0.000474
3.177945,0.000426
3.197995,0.000383
3.218045,0.000343
3.238095,0.000308
3.258145,0.000275
3.278195,0.000247
3.298246,0.000220
3.318296,0.000197
3.338346,0.000176
3.358396,0.000157
3.378446,0.000140
3.398496,0.000124
3.418546,0.000111
3.438596,0.000098
3.458647,0.000087
3.478697,0.000078
3.498747,0.000069
3.518797,0.000061
3.538847,0.000054
3.558897,0.000048
3.578947,0.000042
3.598997,0.000037
3.619048,0.000033
3.639098,0.000029
3.659148,0.000026
3.679198,0.000023
3.699248,0.000020
3.719298,0.000017
3.739348,0.000015
3.759398,0.000013
3.779449,0.000012
3.799499,0.000010
3.819549,0.000009
3.839599,0.000008
3.859649,0.000007
3.879699,0.000006
3.899749,0.000005
3.919799,0.000005
3.939850,0.000004
3.959900,0.000003
3.979950,0.000003
4.000000,0.000003
n,400,linewidth,2.00,color,0.25,0.00,0.75,label,$t=0.52$
-4.000000,0.000000
-3.979950,0.000000
-3.959900,0.000000
-3.939850,0.000000
-3.919799,0.000000
-3.899749,0.000000
-3.879699,0.000000
-3.859649,0.000000
-3.839599,0.000000
-3.819549,0.000000
-3.799499,0.000000
-3.779449,0.000000
-3.759398,0.000000
-3.739348,0.000000
-3.719298,0.000000
-3.699248,0.000000
-3.679198,0.000000
-3.659148,0.000000
-3.639098,0.000000
-3.619048,0.000000
-3.598997,0.000000
-3.578947,0.000000
-3.558897,0.000000
-3.538847,0.000000
-3.518797,0.000000
-3.498747,0.000000
-3.478697,0.000000
-3.458647,0.000000
-3.438596,0.000000
-3.418546,0.000000
-3.398496,0.000000
-3.378446,0.000000
-3.358396,0.000000
-3.338346,0.000000
-3.318296,0.000000
-3.298246,0.000000
-3.278195,0.000000
-3.258145,0.000000
-3.238095,0.000000
-3.218045,0.000000
-3.197995,0.000000
-3.177945,0.000000
-3.157895,0.000000
-3.137845,0.000000
-3.117794,0.000000
-3.097744,0.000000
-3.077694,0.000000
-3.057644,0.000000
-3.037594,0.000000
-3.017544,0.000000
-2.997494,0.000000
-2.977444,0.000000
-2.957393,0.000000
-2.937343,0.000000
-2.917293,0.000000
-2.897243,0.000000
-2.877193,0.000000
-2.857143,0.000000
-2.837093,0.000000
-2.817043,0.000000
-2.796992,0.000000
-2.776942,0.000000
-2.756892,0.000000
-2.736842,0.000000
-2.716792,0.000000
-2.696742,0.000000
-2.676692,0.000000
-2.656642,0.000000
-2.636591,0.000000
-2.616541,0.000000
-2.596491,0.000000
-2.576441,0.000000
-2.556391,0.000001
-2.536341,0.000001
-2.516291,0.000001
-2.496241,0.000002
-2.476190,0.000002
-2.456140,0.000003
-2.436090,0.000004
-2.416040,0.000005
-2.395990,0.000007
-2.375940,0.000010
-2.355890,0.000012
-2.335840,0.000016
-2.315789,0.000021
-2.295739,0.000027
-2.275689,0.000035
-2.255639,0.000044
-2.235589,0.000056
-2.215539,0.000071
-2.195489,0.000090
-2.175439,0.000112
-2.155388,0.000140
-2.135338,0.000173
-2.115288,0.000213
-2.095238,0.000261
-2.075188,0.000319
-2.055138,0.000387
-2.035088,0.000468
-2.015038,0.000563
-1.994987,0.000674
-1.974937,0.000803
-1.954887,0.000953
-1.934837,0.001124
-1.914787,0.001320
-1.894737,0.001544
-1.874687,0.001796
-1.854637,0.002081
-1.834586,0.002399
-1.814536,0.002754
-1.794486,0.003148
-1.774436,0.003581
-1.754386,0.004058
-1.734336,0.004578
-1.714286,0.005143
-1.694236,0.005755
-1.674185,0.006414
-1.654135,0.007121
-1.634085,0.007876
-1.614035,0.008680
-1.593985,0.009534
-1.573935,0.010436
-1.553885,0.011388
-1.533835,0.012389
-1.513784,0.013439
-1.493734,0.014541
-1.473684,0.015693
-1.453634,0.016898
-1.433584,0.018158
-1.413534,0.019475
-1.393484,0.020851
-1.373434,0.022291
-1.353383,0.023798
-1.333333,0.025378
-1.313283,0.027036
-1.293233,0.028777
-1.273183,0.030608
-1.253133,0.032535
-1.233083,0.034567
-1.213033,0.036708
-1.192982,0.038968
-1.172932,0.041352
-1.152882,0.043867
-1.132832,0.046520
-1.112782,0.049317
-1.092732,0.052264
-1.072682,0.055364
-1.052632,0.058623
-1.032581,0.062045
-1.012531,0.065632
-0.992481,0.069388
-0.972431,0.073315
-0.952381,0.077414
-0.932331,0.081687
-0.912281,0.086135
-0.892231,0.090759
-0.872180,0.095560
-0.852130,0.100538
-0.832080,0.105694
-0.812030,0.111027
-0.791980,0.116538
-0.771930,0.122228
-0.751880,0.128096
-0.731830,0.134142
-0.711779,0.140365
-0.691729,0.146766
-0.671679,0.153343
-0.651629,0.160094
-0.631579,0.167018
-0.611529,0.174111
-0.591479,0.181371
-0.571429,0.188794
-0.551378,0.196376
-0.531328,0.204110
-0.511278,0.211992
-0.491228,0.220014
-0.471178,0.228169
-0.451128,0.236449
-0.431078,0.244846
-0.411028,0.253350
-0.390977,0.261952
-0.370927,0.270641
-0.350877,0.279407
-0.330827,0.288239
-0.310777,0.297125
-0.290727,0.306055
-0.270677,0.315015
-0.250627,0.323994
-0.230576,0.332979
-0.210526,0.341957
-0.190476,0.350915
-0.170426,0.359840
-0.150376,0.368717
-0.130326,0.377533
-0.110276,0.386274
-0.090226,0.394925
-0.070175,0.403470
-0.050125,0.411896
-0.030075,0.420187
-0.010025,0.428327
0.010025,0.436302
0.030075,0.444095
0.050125,0.451691
0.070175,0.459075
0.090226,0.466232
0.110276,0.473148
0.130326,0.479806
0.150376,0.486195
0.170426,0.492300
0.190476,0.498108
0.210526,0.503607
0.230576,0.508786
0.250627,0.513633
0.270677,0.518138
0.290727,0.522293
0.310777,0.526088
0.330827,0.529516
0.350877,0.532571
0.370927,0.535246
0.390977,0.537535
0.411028,0.539435
0.431078,0.540942
0.451128,0.542053
0.471178,0.542766
0.491228,0.543079
0.511278,0.542992
0.531328,0.542506
0.551378,0.541621
0.571429,0.540338
0.591479,0.538660
0.611529,0.536591
0.631579,0.534134
0.651629,0.531295
0.671679,0.528078
0.691729,0.524489
0.711779,0.520538
0.731830,0.516230
0.751880,0.511575
0.771930,0.506584
0.791980,0.501265
0.812030,0.495630
0.832080,0.489692
0.852130,0.483463
0.872180,0.476956
0.892231,0.470184
0.912281,0.463162
0.932331,0.455905
0.952381,0.448427
0.972431,0.440744
0.992481,0.432870
1.012531,0.424822
1.032581,0.416615
1.052632,0.408264
1.072682,0.399784
1.092732,0.391191
1.112782,0.382500
1.132832,0.373725
1.152882,0.364880
1.172932,0.355981
1.192982,0.347040
1.213033,0.338071
1.233083,0.329089
1.253133,0.320105
1.273183,0.311133
1.293233,0.302184
1.313283,0.293272
1.333333,0.284407
1.353383,0.275603
1.373434,0.266869
1.393484,0.258216
1.413534,0.249655
1.433584,0.241197
1.453634,0.232849
1.473684,0.224622
1.493734,0.216524
1.513784,0.208562
1.533835,0.200743
1.553885,0.193074
1.573935,0.185561
1.593985,0.178208
1.614035,0.171019
1.634085,0.163999
1.654135,0.157150
1.674185,0.150474
1.694236,0.143973
1.714286,0.137649
1.734336,0.131502
1.754386,0.125533
1.774436,0.119742
1.794486,0.114130
1.814536,0.108696
1.834586,0.103440
1.854637,0.098361
1.874687,0.093460
1.894737,0.088736
1.914787,0.084188
1.934837,0.079815
1.954887,0.075618
1.974937,0.071593
1.994987,0.067741
2.015038,0.064058
2.035088,0.060543
2.055138,0.057192
2.075188,0.054002
2.095238,0.050969
2.115288,0.048088
2.135338,0.045354
2.155388,0.042762
2.175439,0.040304
2.195489,0.037975
2.215539,0.035767
2.235589,0.033674
2.255639,0.031688
2.275689,0.029803
2.295739,0.028012
2.315789,0.026308
2.335840,0.024685
2.355890,0.023137
2.375940,0.021659
2.395990,0.020248
2.416040,0.018897
2.436090,0.017606
2.456140,0.016370
2.476190,0.015188
2.496241,0.014058
2.516291,0.012978
2.536341,0.011949
2.556391,0.010969
2.576441,0.010039
2.596491,0.009158
2.616541,0.008326
2.636591,0.007543
2.656642,0.006809
2.676692,0.006122
2.696742,0.005484
2.716792,0.004892
2.736842,0.004347
2.756892,0.003846
2.776942,0.003389
2.796992,0.002972
2.817043,0.002596
2.837093,0.002257
2.857143,0.001954
2.877193,0.001683
2.897243,0.001444
2.917293,0.001232
2.937343,0.001047
2.957393,0.000885
2.977444,0.000745
2.997494,0.000624
3.017544,0.000520
3.037594,0.000432
3.057644,0.000356
3.077694,0.000293
3.097744,0.000239
3.117794,0.000195
3.137845,0.000158
3.157895,0.000127
3.177945,0.000102
3.197995,0.000081
3.218045,0.000064
3.238095,0.000051
3.258145,0.000040
3.278195,0.000031
3.298246,0.000024
3.318296,0.000019
3.338346,0.000015
3.358396,0.000011
3.378446,0.000008
3.398496,0.000006
3.418546,0.000005
3.438596,0.000004
3.458647,0.000003
3.478697,0.000002
3.498747,0.000002
3.518797,0.000001
3.538847,0.000001
3.558897,0.000001
3.578947,0.000000
3.598997,0.000000
3.619048,0.000000
3.639098,0.000000
3.659148,0.000000
3.679198,0.000000
3.699248,0.000000
3.719298,0.000000
3.739348,0.000000
3.759398,0.000000
3.779449,0.000000
3.799499,0.000000
3.819549,0.000000
3.839599,0.000000
3.859649,0.000000
3.879699,0.000000
3.899749,0.000000
3.919799,0.000000
3.939850,0.000000
3.959900,0.000000
3.979950,0.000000
4.000000,0.000000
n,400,linewidth,2.00,color,0.60,0.60,0.60
-4.000000,0.000000
-3.979950,0.000000
-3.959900,0.000000
-3.939850,0.000000
-3.919799,0.000000
-3.899749,0.000000
-3.879699,0.000000
-3.859649,0.000000
-3.839599,0.000000
-3.819549,0.000000
-3.799499,0.000000
-3.779449,0.000000
-3.759398,0.000000
-3.739348,0.000000
-3.719298,0.000000
-3.699248,0.000000
-3.679198,0.000000
-3.659148,0.000000
-3.639098,0.000000
-3.619048,0.000000
-3.598997,0.000000
-3.578947,0.000000
-3.558897,0.000000
-3.538847,0.000000
-3.518797,0.000000
-3.498747,0.000000
-3.478697,0.000000
-3.458647,0.000000
-3.438596,0.000000
-3.418546,0.000000
-3.398496,0.000000
-3.378446,0.000000
-3.358396,0.000000
-3.338346,0.000000
-3.318296,0.000000
-3.298246,0.000000
-3.278195,0.000000
-3.258145,0.000000
-3.238095,0.000000
-3.218045,0.000000
-3.197995,0.000000
-3.177945,0.000000
-3.157895,0.000000
-3.137845,0.000000
-3.117794,0.000000
-3.097744,0.000000
-3.077694,0.000000
-3.057644,0.000000
-3.037594,0.000000
-3.017544,0.000000
-2.997494,0.000000
-2.977444,0.000000
-2.957393,0.000000
-2.937343,0.000000
-2.917293,0.000000
-2.897243,0.000000
-2.877193,0.000001
-2.857143,0.000001
-2.837093,0.000001
-2.817043,0.000001
-2.796992,0.000001
-2.776942,0.000001
-2.756892,0.000001
-2.736842,0.000001
-2.716792,0.000002
-2.696742,0.000002
-2.676692,0.000002
-2.656642,0.000003
-2.636591,0.000003
-2.616541,0.000003
-2.596491,0.000004
-2.576441,0.000004
-2.556391,0.000005
-2.536341,0.000006
-2.516291,0.000007
-2.496241,0.000008
-2.476190,0.000009
-2.456140,0.000010
-2.436090,0.000011
-2.416040,0.000013
-2.395990,0.000015
-2.375940,0.000017
-2.355890,0.000019
-2.335840,0.000022
-2.315789,0.000025
-2.295739,0.000028
-2.275689,0.000032
-2.255639,0.000036
-2.235589,0.000041
-2.215539,0.000046
-2.195489,0.000052
-2.175439,0.000059
-2.155388,0.000067
-2.135338,0.000075
-2.115288,0.000085
-2.095238,0.000095
-2.075188,0.000107
-2.055138,0.000120
-2.035088,0.000135
-2.015038,0.000152
-1.994987,0.000170
-1.974937,0.000191
-1.954887,0.000214
-1.934837,0.000239
-1.914787,0.000267
-1.894737,0.000298
-1.874687,0.000333
-1.854637,0.000371
-1.834586,0.000414
-1.814536,0.000460
-1.794486,0.000512
-1.774436,0.000569
-1.754386,0.000632
-1.734336,0.000702
-1.714286,0.000778
-1.694236,0.000862
-1.674185,0.000954
-1.654135,0.001056
-1.634085,0.001167
-1.614035,0.001289
-1.593985,0.001422
-1.573935,0.001568
-1.553885,0.001727
-1.533835,0.001902
-1.513784,0.002092
-1.493734,0.002299
-1.473684,0.002525
-1.453634,0.002770
-1.433584,0.003037
-1.413534,0.003328
-1.393484,0.003643
-1.373434,0.003984
-1.353383,0.004354
-1.333333,0.004755
-1.313283,0.005189
-1.293233,0.005657
-1.273183,0.006163
-1.253133,0.006708
-1.233083,0.007296
-1.213033,0.007929
-1.192982,0.008611
-1.172932,0.009343
-1.152882,0.010129
-1.132832,0.010973
-1.112782,0.011877
-1.092732,0.012845
-1.072682,0.013882
-1.052632,0.014990
-1.032581,0.016173
-1.012531,0.017436
-0.992481,0.018782
-0.972431,0.020215
-0.952381,0.021741
-0.932331,0.023363
-0.912281,0.025086
-0.892231,0.026915
-0.872180,0.028853
-0.852130,0.030906
-0.832080,0.033079
-0.812030,0.035376
-0.791980,0.037802
-0.771930,0.040362
-0.751880,0.043061
-0.731830,0.045903
-0.711779,0.048894
-0.691729,0.052037
-0.671679,0.055338
-0.651629,0.058801
-0.631579,0.062431
-0.611529,0.066232
-0.591479,0.070207
-0.571429,0.074361
-0.551378,0.078698
-0.531328,0.083221
-0.511278,0.087932
-0.491228,0.092836
-0.471178,0.097935
-0.451128,0.103231
-0.431078,0.108725
-0.411028,0.114420
-0.390977,0.120317
-0.370927,0.126416
-0.350877,0.132717
-0.330827,0.139220
-0.310777,0.145924
-0.290727,0.152829
-0.270677,0.159931
-0.250627,0.167229
-0.230576,0.174720
-0.210526,0.182399
-0.190476,0.190263
-0.170426,0.198307
-0.150376,0.206524
-0.130326,0.214909
-0.110276,0.223455
-0.090226,0.232153
-0.070175,0.240997
-0.050125,0.249976
-0.030075,0.259082
-0.010025,0.268303
0.010025,0.277629
0.030075,0.287049
0.050125,0.296549
0.070175,0.306118
0.090226,0.315742
0.110276,0.325406
0.130326,0.335097
0.150376,0.344799
0.170426,0.354497
0.190476,0.364175
0.210526,0.373816
0.230576,0.383404
0.250627,0.392922
0.270677,0.402352
0.290727,0.411678
0.310777,0.420881
0.330827,0.429945
0.350877,0.438850
0.370927,0.447580
0.390977,0.456117
0.411028,0.464443
0.431078,0.472541
0.451128,0.480393
0.471178,0.487984
0.491228,0.495296
0.511278,0.502314
0.531328,0.509022
0.551378,0.515405
0.571429,0.521448
0.591479,0.527138
0.611529,0.532462
0.631579,0.537408
0.651629,0.541963
0.671679,0.546118
0.691729,0.549863
0.711779,0.553188
0.731830,0.556086
0.751880,0.558550
0.771930,0.560574
0.791980,0.562154
0.812030,0.563284
0.832080,0.563963
0.852130,0.564190
0.872180,0.563962
0.892231,0.563282
0.912281,0.562150
0.932331,0.560570
0.952381,0.558545
0.972431,0.556080
0.992481,0.553181
1.012531,0.549855
1.032581,0.546110
1.052632,0.541954
1.072682,0.537397
1.092732,0.532451
1.112782,0.527126
1.132832,0.521435
1.152882,0.515391
1.172932,0.509007
1.192982,0.502299
1.213033,0.495280
1.233083,0.487967
1.253133,0.480376
1.273183,0.472523
1.293233,0.464425
1.313283,0.456098
1.333333,0.447561
1.353383,0.438831
1.373434,0.429925
1.393484,0.420861
1.413534,0.411657
1.433584,0.402331
1.453634,0.392901
1.473684,0.383383
1.493734,0.373794
1.513784,0.364153
1.533835,0.354475
1.553885,0.344778
1.573935,0.335076
1.593985,0.325385
1.614035,0.315721
1.634085,0.306097
1.654135,0.296528
1.674185,0.287028
1.694236,0.277608
1.714286,0.268282
1.734336,0.259061
1.754386,0.249956
1.774436,0.240977
1.794486,0.232134
1.814536,0.223435
1.834586,0.214890
1.854637,0.206505
1.874687,0.198289
1.894737,0.190246
1.914787,0.182382
1.934837,0.174703
1.954887,0.167213
1.974937,0.159915
1.994987,0.152813
2.015038,0.145909
2.035088,0.139205
2.055138,0.132702
2.075188,0.126402
2.095238,0.120304
2.115288,0.114407
2.135338,0.108713
2.155388,0.103219
2.175439,0.097923
2.195489,0.092825
2.215539,0.087922
2.235589,0.083210
2.255639,0.078688
2.275689,0.074352
2.295739,0.070198
2.315789,0.066223
2.335840,0.062423
2.355890,0.058793
2.375940,0.055331
2.395990,0.052030
2.416040,0.048887
2.436090,0.045897
2.456140,0.043055
2.476190,0.040356
2.496241,0.037797
2.516291,0.035371
2.536341,0.033074
2.556391,0.030902
2.576441,0.028849
2.596491,0.026911
2.616541,0.025082
2.636591,0.023360
2.656642,0.021738
2.676692,0.020212
2.696742,0.018779
2.716792,0.017433
2.736842,0.016170
2.756892,0.014987
2.776942,0.013879
2.796992,0.012843
2.817043,0.011875
2.837093,0.010971
2.857143,0.010127
2.877193,0.009341
2.897243,0.008609
2.917293,0.007928
2.937343,0.007295
2.957393,0.006707
2.977444,0.006162
2.997494,0.005656
3.017544,0.005188
3.037594,0.004754
3.057644,0.004354
3.077694,0.003983
3.097744,0.003642
3.117794,0.003327
3.137845,0.003037
3.157895,0.002770
3.177945,0.002524
3.197995,0.002298
3.218045,0.002091
3.238095,0.001901
3.258145,0.001727
3.278195,0.001568
3.298246,0.001422
3.318296,0.001288
3.338346,0.001167
3.358396,0.001055
3.378446,0.000954
3.398496,0.000862
3.418546,0.000778
3.438596,0.000702
3.458647,0.000632
3.478697,0.000569
3.498747,0.000512
3.518797,0.000460
3.538847,0.000413
3.558897,0.000371
3.578947,0.000333
3.598997,0.000298
3.619048,0.000267
3.639098,0.000239
3.659148,0.000214
3.679198,0.000191
3.699248,0.000170
3.719298,0.000152
3.739348,0.000135
3.759398,0.000120
3.779449,0.000107
3.799499,0.000095
3.819549,0.000085
3.839599,0.000075
3.859649,0.000067
3.879699,0.000059
3.899749,0.000052
3.919799,0.000046
3.939850,0.000041
3.959900,0.000036
3.979950,0.000032
4.000000,0.000028
n,400,linewidth,2.00,color,0.50,0.00,0.50,label,$t=1.02$
-4.000000,0.000000
-3.979950,0.000000
-3.959900,0.000000
-3.939850,0.000000
-3.919799,0.000000
-3.899749,0.000000
-3.879699,0.000000
-3.859649,0.000000
-3.839599,0.000000
-3.819549,0.000000
-3.799499,0.000000
-3.779449,0.000000
-3.759398,0.000000
-3.739348,0.000000
-3.719298,0.000000
-3.699248,0.000000
-3.679198,0.000000
-3.659148,0.000000
-3.639098,0.000000
-3.619048,0.000000
-3.598997,0.000000
-3.578947,0.000000
-3.558897,0.000000
-3.538847,0.000000
-3.518797,0.000000
-3.498747,0.000000
-3.478697,0.000000
-3.458647,0.000000
-3.438596,0.000000
-3.418546,0.000000
-3.398496,0.000000
-3.378446,0.000000
-3.358396,0.000000
-3.338346,0.000000
-3.318296,0.000000
-3.298246,0.000000
-3.278195,0.000000
-3.258145,0.000000
-3.238095,0.000000
-3.218045,0.000000
-3.197995,0.000000
-3.177945,0.000000
-3.157895,0.000000
-3.137845,0.000000
-3.117794,0.000000
-3.097744,0.000000
-3.077694,0.000000
-3.057644,0.000000
-3.037594,0.000000
-3.017544,0.000000
-2.997494,0.000000
-2.977444,0.000000
-2.957393,0.000000
-2.937343,0.000000
-2.917293,0.000000
-2.897243,0.000000
-2.877193,0.000000
-2.857143,0.000000
-2.837093,0.000000
-2.817043,0.000000
-2.796992,0.000000
-2.776942,0.000000
-2.756892,0.000000
-2.736842,0.000000
-2.716792,0.000000
-2.696742,0.000000
-2.676692,0.000000
-2.656642,0.000000
-2.636591,0.000000
-2.616541,0.000000
-2.596491,0.000000
-2.576441,0.000000
-2.556391,0.000000
-2.536341,0.000000
-2.516291,0.000000
-2.496241,0.000000
-2.476190,0.000000
-2.456140,0.000000
-2.436090,0.000000
-2.416040,0.000000
-2.395990,0.000000
-2.375940,0.000000
-2.355890,0.000000
-2.335840,0.000000
-2.315789,0.000000
-2.295739,0.000000
-2.275689,0.000000
-2.255639,0.000000
-2.235589,0.000000
-2.215539,0.000001
-2.195489,0.000001
-2.175439,0.000001
-2.155388,0.000001
-2.135338,0.000002
-2.115288,0.000002
-2.095238,0.000003
-2.075188,0.000004
-2.055138,0.000006
-2.035088,0.000007
-2.015038,0.000010
-1.994987,0.000013
-1.974937,0.000017
-1.954887,0.000022
-1.934837,0.000028
-1.914787,0.000036
-1.894737,0.000045
-1.874687,0.000058
-1.854637,0.000073
-1.834586,0.000091
-1.814536,0.000114
-1.794486,0.000142
-1.774436,0.000176
-1.754386,0.000217
-1.734336,0.000266
-1.714286,0.000324
-1.694236,0.000394
-1.674185,0.000476
-1.654135,0.000572
-1.634085,0.000684
-1.614035,0.000815
-1.593985,0.000966
-1.573935,0.001139
-1.553885,0.001338
-1.533835,0.001563
-1.513784,0.001818
-1.493734,0.002106
-1.473684,0.002427
-1.453634,0.002785
-1.433584,0.003181
-1.413534,0.003619
-1.393484,0.004098
-1.373434,0.004622
-1.353383,0.005191
-1.333333,0.005807
-1.313283,0.006470
-1.293233,0.007182
-1.273183,0.007942
-1.253133,0.008751
-1.233083,0.009609
-1.213033,0.010517
-1.192982,0.011475
-1.172932,0.012482
-1.152882,0.013540
-1.132832,0.014649
-1.112782,0.015809
-1.092732,0.017024
-1.072682,0.018294
-1.052632,0.019622
-1.032581,0.021011
-1.012531,0.022465
-0.992481,0.023988
-0.972431,0.025586
-0.952381,0.027262
-0.932331,0.029024
-0.912281,0.030878
-0.892231,0.032830
-0.872180,0.034887
-0.852130,0.037057
-0.832080,0.039346
-0.812030,0.041761
-0.791980,0.044309
-0.771930,0.046996
-0.751880,0.049828
-0.731830,0.052810
-0.711779,0.055947
-0.691729,0.059243
-0.671679,0.062702
-0.651629,0.066328
-0.631579,0.070123
-0.611529,0.074089
-0.591479,0.078227
-0.571429,0.082541
-0.551378,0.087029
-0.531328,0.091695
-0.511278,0.096538
-0.491228,0.101559
-0.471178,0.106758
-0.451128,0.112137
-0.431078,0.117695
-0.411028,0.123433
-0.390977,0.129352
-0.370927,0.135449
-0.350877,0.141726
-0.330827,0.148182
-0.310777,0.154815
-0.290727,0.161624
-0.270677,0.168606
-0.250627,0.175758
-0.230576,0.183078
-0.210526,0.190560
-0.190476,0.198201
-0.170426,0.205993
-0.150376,0.213932
-0.130326,0.222010
-0.110276,0.230220
-0.090226,0.238553
-0.070175,0.247001
-0.050125,0.255554
-0.030075,0.264202
-0.010025,0.272936
0.010025,0.281744
0.030075,0.290617
0.050125,0.299541
0.070175,0.308507
0.090226,0.317502
0.110276,0.326513
0.130326,0.335528
0.150376,0.344534
0.170426,0.353518
0.190476,0.362465
0.210526,0.371363
0.230576,0.380197
0.250627,0.388952
0.270677,0.397614
0.290727,0.406167
0.310777,0.414595
0.330827,0.422884
0.350877,0.431018
0.370927,0.438981
0.390977,0.446757
0.411028,0.454331
0.431078,0.461687
0.451128,0.468811
0.471178,0.475687
0.491228,0.482302
0.511278,0.488641
0.531328,0.494690
0.551378,0.500439
0.571429,0.505873
0.591479,0.510982
0.611529,0.515756
0.631579,0.520183
0.651629,0.524256
0.671679,0.527966
0.691729,0.531306
0.711779,0.534268
0.731830,0.536847
0.751880,0.539038
0.771930,0.540837
0.791980,0.542239
0.812030,0.543243
0.832080,0.543847
0.852130,0.544048
0.872180,0.543848
0.892231,0.543246
0.912281,0.542243
0.932331,0.540841
0.952381,0.539044
0.972431,0.536854
0.992481,0.534276
1.012531,0.531315
1.032581,0.527977
1.052632,0.524268
1.072682,0.520196
1.092732,0.515769
1.112782,0.510997
1.132832,0.505888
1.152882,0.500455
1.172932,0.494708
1.192982,0.488659
1.213033,0.482321
1.233083,0.475707
1.253133,0.468831
1.273183,0.461708
1.293233,0.454352
1.313283,0.446779
1.333333,0.439003
1.353383,0.431041
1.373434,0.422908
1.393484,0.414620
1.413534,0.406191
1.433584,0.397639
1.453634,0.388978
1.473684,0.380223
1.493734,0.371389
1.513784,0.362491
1.533835,0.353544
1.553885,0.344560
1.573935,0.335554
1.593985,0.326539
1.614035,0.317528
1.634085,0.308533
1.654135,0.299568
1.674185,0.290643
1.694236,0.281770
1.714286,0.272961
1.734336,0.264227
1.754386,0.255579
1.774436,0.247025
1.794486,0.238578
1.814536,0.230244
1.834586,0.222034
1.854637,0.213956
1.874687,0.206016
1.894737,0.198223
1.914787,0.190582
1.934837,0.183099
1.954887,0.175779
1.974937,0.168626
1.994987,0.161644
2.015038,0.154835
2.035088,0.148201
2.055138,0.141745
2.075188,0.135467
2.095238,0.129369
2.115288,0.123450
2.135338,0.117712
2.155388,0.112153
2.175439,0.106774
2.195489,0.101573
2.215539,0.096552
2.235589,0.091709
2.255639,0.087043
2.275689,0.082553
2.295739,0.078240
2.315789,0.074100
2.335840,0.070134
2.355890,0.066339
2.375940,0.062713
2.395990,0.059253
2.416040,0.055956
2.436090,0.052818
2.456140,0.049836
2.476190,0.047004
2.496241,0.044317
2.516291,0.041768
2.536341,0.039353
2.556391,0.037063
2.576441,0.034893
2.596491,0.032836
2.616541,0.030883
2.636591,0.029029
2.656642,0.027267
2.676692,0.025590
2.696742,0.023993
2.716792,0.022470
2.736842,0.021015
2.756892,0.019626
2.776942,0.018298
2.796992,0.017028
2.817043,0.015813
2.837093,0.014652
2.857143,0.013543
2.877193,0.012485
2.897243,0.011478
2.917293,0.010520
2.937343,0.009612
2.957393,0.008753
2.977444,0.007944
2.997494,0.007184
3.017544,0.006472
3.037594,0.005809
3.057644,0.005193
3.077694,0.004624
3.097744,0.004100
3.117794,0.003620
3.137845,0.003183
3.157895,0.002786
3.177945,0.002428
3.197995,0.002106
3.218045,0.001819
3.238095,0.001564
3.258145,0.001338
3.278195,0.001140
3.298246,0.000966
3.318296,0.000815
3.338346,0.000685
3.358396,0.000572
3.378446,0.000476
3.398496,0.000394
3.418546,0.000324
3.438596,0.000266
3.458647,0.000217
3.478697,0.000176
3.498747,0.000142
3.518797,0.000114
3.538847,0.000091
3.558897,0.000073
3.578947,0.000058
3.598997,0.000045
3.619048,0.000036
3.639098,0.000028
3.659148,0.000022
3.679198,0.000017
3.699248,0.000013
3.719298,0.000010
3.739348,0.000007
3.759398,0.000006
3.779449,0.000004
3.799499,0.000003
3.819549,0.000002
3.839599,0.000002
3.859649,0.000001
3.879699,0.000001
3.899749,0.000001
3.919799,0.000001
3.939850,0.000000
3.959900,0.000000
3.979950,0.000000
4.000000,0.000000
n,400,linewidth,2.00,color,0.60,0.60,0.60
-4.000000,0.000000
-3.979950,0.000000
-3.959900,0.000000
-3.939850,0.000000
-3.919799,0.000000
-3.899749,0.000000
-3.879699,0.000000
-3.859649,0.000000
-3.839599,0.000000
-3.819549,0.000000
-3.799499,0.000000
-3.779449,0.000000
-3.759398,0.000000
-3.739348,0.000000
-3.719298,0.000000
-3.699248,0.000000
-3.679198,0.000000
-3.659148,0.000000
-3.639098,0.000000
-3.619048,0.000000
-3.598997,0.000000
-3.578947,0.000000
-3.558897,0.000000
-3.538847,0.000000
-3.518797,0.000000
-3.498747,0.000000
-3.478697,0.000000
-3.458647,0.000000
-3.438596,0.000000
-3.418546,0.000000
-3.398496,0.000000
-3.378446,0.000000
-3.358396,0.000000
-3.338346,0.000000
-3.318296,0.000000
-3.298246,0.000000
-3.278195,0.000000
-3.258145,0.000000
-3.238095,0.000000
-3.218045,0.000000
-3.197995,0.000000
-3.177945,0.000000
-3.157895,0.000000
-3.137845,0.000000
-3.117794,0.000000
-3.097744,0.000000
-3.077694,0.000000
-3.057644,0.000000
-3.037594,0.000000
-3.017544,0.000000
-2.997494,0.000000
-2.977444,0.000000
-2.957393,0.000000
-2.937343,0.000000
-2.917293,0.000000
-2.897243,0.000000
-2.877193,0.000000
-2.857143,0.000000
-2.837093,0.000000
-2.817043,0.000000
-2.796992,0.000000
-2.776942,0.000000
-2.756892,0.000000
-2.736842,0.000000
-2.716792,0.000001
-2.696742,0.000001
-2.676692,0.000001
-2.656642,0.000001
-2.636591,0.000001
-2.616541,0.000001
-2.596491,0.000001
-2.576441,0.000002
-2.556391,0.000002
-2.536341,0.000002
-2.516291,0.000002
-2.496241,0.000003
-2.476190,0.000003
-2.456140,0.000004
-2.436090,0.000004
-2.416040,0.000005
-2.395990,0.000006
-2.375940,0.000006
-2.355890,0.000007
-2.335840,0.000008
-2.315789,0.000010
-2.295739,0.000011
-2.275689,0.000012
-2.255639,0.000014
-2.235589,0.000016
-2.215539,0.000018
-2.195489,0.000021
-2.175439,0.000024
-2.155388,0.000027
-2.135338,0.000031
-2.115288,0.000035
-2.095238,0.000039
-2.075188,0.000044
-2.055138,0.000050
-2.035088,0.000057
-2.015038,0.000064
-1.994987,0.000072
-1.974937,0.000081
-1.954887,0.000092
-1.934837,0.000103
-1.914787,0.000116
-1.894737,0.000130
-1.874687,0.000146
-1.854637,0.000164
-1.834586,0.000184
-1.814536,0.000206
-1.794486,0.000231
-1.774436,0.000258
-1.754386,0.000288
-1.734336,0.000322
-1.714286,0.000359
-1.694236,0.000400
-1.674185,0.000445
-1.654135,0.000495
-1.634085,0.000551
-1.614035,0.000612
-1.593985,0.000679
-1.573935,0.000753
-1.553885,0.000835
-1.533835,0.000925
-1.513784,0.001023
-1.493734,0.001131
-1.473684,0.001249
-1.453634,0.001379
-1.433584,0.001521
-1.413534,0.001676
-1.393484,0.001846
-1.373434,0.002031
-1.353383,0.002232
-1.333333,0.002452
-1.313283,0.002691
-1.293233,0.002952
-1.273183,0.003235
-1.253133,0.003542
-1.233083,0.003875
-1.213033,0.004236
-1.192982,0.004627
-1.172932,0.005050
-1.152882,0.005507
-1.132832,0.006001
-1.112782,0.006534
-1.092732,0.007108
-1.072682,0.007727
-1.052632,0.008393
-1.032581,0.009109
-1.012531,0.009878
-0.992481,0.010703
-0.972431,0.011588
-0.952381,0.012536
-0.932331,0.013551
-0.912281,0.014636
-0.892231,0.015796
-0.872180,0.017033
-0.852130,0.018353
-0.832080,0.019759
-0.812030,0.021255
-0.791980,0.022847
-0.771930,0.024538
-0.751880,0.026333
-0.731830,0.028237
-0.711779,0.030254
-0.691729,0.032389
-0.671679,0.034646
-0.651629,0.037032
-0.631579,0.039549
-0.611529,0.042204
-0.591479,0.045001
-0.571429,0.047945
-0.551378,0.051040
-0.531328,0.054292
-0.511278,0.057704
-0.491228,0.061281
-0.471178,0.065028
-0.451128,0.068949
-0.431078,0.073047
-0.411028,0.077326
-0.390977,0.081790
-0.370927,0.086443
-0.350877,0.091287
-0.330827,0.096324
-0.310777,0.101558
-0.290727,0.106991
-0.270677,0.112623
-0.250627,0.118457
-0.230576,0.124492
-0.210526,0.130730
-0.190476,0.137171
-0.170426,0.143813
-0.150376,0.150655
-0.130326,0.157696
-0.110276,0.164933
-0.090226,0.172364
-0.070175,0.179985
-0.050125,0.187792
-0.030075,0.195780
-0.010025,0.203944
0.010025,0.212277
0.030075,0.220773
0.050125,0.229425
0.070175,0.238225
0.090226,0.247163
0.110276,0.256230
0.130326,0.265416
0.150376,0.274711
0.170426,0.284103
0.190476,0.293579
0.210526,0.303128
0.230576,0.312736
0.250627,0.322390
0.270677,0.332074
0.290727,0.341774
0.310777,0.351475
0.330827,0.361161
0.350877,0.370815
0.370927,0.380421
0.390977,0.389963
0.411028,0.399422
0.431078,0.408783
0.451128,0.418026
0.471178,0.427135
0.491228,0.436092
0.511278,0.444878
0.531328,0.453477
0.551378,0.461871
0.571429,0.470041
0.591479,0.477972
0.611529,0.485646
0.631579,0.493047
0.651629,0.500159
0.671679,0.506965
0.691729,0.513450
0.711779,0.519601
0.731830,0.525403
0.751880,0.530842
0.771930,0.535907
0.791980,0.540586
0.812030,0.544867
0.832080,0.548740
0.852130,0.552197
0.872180,0.555229
0.892231,0.557829
0.912281,0.559991
0.932331,0.561709
0.952381,0.562980
0.972431,0.563800
0.992481,0.564168
1.012531,0.564082
1.032581,0.563543
1.052632,0.562552
1.072682,0.561111
1.092732,0.559224
1.112782,0.556896
1.132832,0.554131
1.152882,0.550937
1.172932,0.547322
1.192982,0.543293
1.213033,0.538860
1.233083,0.534034
1.253133,0.528826
1.273183,0.523248
1.293233,0.517312
1.313283,0.511033
1.333333,0.504424
1.353383,0.497501
1.373434,0.490278
1.393484,0.482772
1.413534,0.474998
1.433584,0.466975
1.453634,0.458717
1.473684,0.450244
1.493734,0.441572
1.513784,0.432719
1.533835,0.423703
1.553885,0.414541
1.573935,0.405251
1.593985,0.395851
1.614035,0.386358
1.634085,0.376790
1.654135,0.367164
1.674185,0.357496
1.694236,0.347802
1.714286,0.338100
1.734336,0.328404
1.754386,0.318730
1.774436,0.309092
1.794486,0.299505
1.814536,0.289982
1.834586,0.280536
1.854637,0.271179
1.874687,0.261924
1.894737,0.252782
1.914787,0.243762
1.934837,0.234876
1.954887,0.226131
1.974937,0.217537
1.994987,0.209102
2.015038,0.200832
2.035088,0.192734
2.055138,0.184814
2.075188,0.177077
2.095238,0.169528
2.115288,0.162170
2.135338,0.155006
2.155388,0.148040
2.175439,0.141274
2.195489,0.134708
2.215539,0.128345
2.235589,0.122183
2.255639,0.116224
2.275689,0.110467
2.295739,0.104910
2.315789,0.099553
2.335840,0.094394
2.355890,0.089430
2.375940,0.084659
2.395990,0.080078
2.416040,0.075684
2.436090,0.071474
2.456140,0.067443
2.476190,0.063589
2.496241,0.059907
2.516291,0.056393
2.536341,0.053042
2.556391,0.049850
2.576441,0.046813
2.596491,0.043925
2.616541,0.041182
2.636591,0.038580
2.656642,0.036113
2.676692,0.033777
2.696742,0.031566
2.716792,0.029476
2.736842,0.027503
2.756892,0.025641
2.776942,0.023886
2.796992,0.022233
2.817043,0.020678
2.837093,0.019216
2.857143,0.017843
2.877193,0.016555
2.897243,0.015348
2.917293,0.014217
2.937343,0.013159
2.957393,0.012170
2.977444,0.011246
2.997494,0.010384
3.017544,0.009580
3.037594,0.008832
3.057644,0.008135
3.077694,0.007487
3.097744,0.006886
3.117794,0.006327
3.137845,0.005809
3.157895,0.005330
3.177945,0.004886
3.197995,0.004475
3.218045,0.004096
3.238095,0.003745
3.258145,0.003422
3.278195,0.003125
3.298246,0.002851
3.318296,0.002598
3.338346,0.002367
3.358396,0.002154
3.378446,0.001959
3.398496,0.001780
3.418546,0.001616
3.438596,0.001466
3.458647,0.001329
3.478697,0.001203
3.498747,0.001089
3.518797,0.000985
3.538847,0.000890
3.558897,0.000803
3.578947,0.000725
3.598997,0.000653
3.619048,0.000588
3.639098,0.000529
3.659148,0.000476
3.679198,0.000428
3.699248,0.000384
3.719298,0.000344
3.739348,0.000309
3.759398,0.000276
3.779449,0.000247
3.799499,0.000221
3.819549,0.000198
3.839599,0.000176
3.859649,0.000157
3.879699,0.000140
3.899749,0.000125
3.919799,0.000111
3.939850,0.000099
3.959900,0.000088
3.979950,0.000078
4.000000,0.000069
n,400,linewidth,2.00,color,0.75,0.00,0.25,label,$t=1.52$
-4.000000,0.000000
-3.979950,0.000000
-3.959900,0.000000
-3.939850,0.000000
-3.919799,0.000000
-3.899749,0.000000
-3.879699,0.000000
-3.859649,0.000000
-3.839599,0.000000
-3.819549,0.000000
-3.799499,0.000000
-3.779449,0.000000
-3.759398,0.000000
-3.739348,0.000000
-3.719298,0.000000
-3.699248,0.000000
-3.679198,0.000000
-3.659148,0.000000
-3.639098,0.000000
-3.619048,0.000000
-3.598997,0.000000
-3.578947,0.000000
-3.558897,0.000000
-3.538847,0.000000
-3.518797,0.000000
-3.498747,0.000000
-3.478697,0.000000
-3.458647,0.000000
-3.438596,0.000000
-3.418546,0.000000
-3.398496,0.000000
-3.378446,0.000000
-3.358396,0.000000
-3.338346,0.000000
-3.318296,0.000000
-3.298246,0.000000
-3.278195,0.000000
-3.258145,0.000000
-3.238095,0.000000
-3.218045,0.000000
-3.197995,0.000000
-3.177945,0.000000
-3.157895,0.000000
-3.137845,0.000000
-3.117794,0.000000
-3.097744,0.000000
-3.077694,0.000000
-3.057644,0.000000
-3.037594,0.000000
-3.017544,0.000000
-2.997494,0.000000
-2.977444,0.000000
-2.957393,0.000000
-2.937343,0.000000
-2.917293,0.000000
-2.897243,0.000000
-2.877193,0.000000
-2.857143,0.000000
-2.837093,0.000000
-2.817043,0.000000
-2.796992,0.000000
-2.776942,0.000000
-2.756892,0.000000
-2.736842,0.000000
-2.716792,0.000000
-2.696742,0.000000
-2.676692,0.000000
-2.656642,0.000000
-2.636591,0.000000
-2.616541,0.000000
-2.596491,0.000000
-2.576441,0.000000
-2.556391,0.000000
-2.536341,0.000000
-2.516291,0.000000
-2.496241,0.000000
-2.476190,0.000000
-2.456140,0.000000
-2.436090,0.000000
-2.416040,0.000000
-2.395990,0.000000
-2.375940,0.000000
-2.355890,0.000000
-2.335840,0.000000
-2.315789,0.000000
-2.295739,0.000000
-2.275689,0.000000
-2.255639,0.000000
-2.235589,0.000000
-2.215539,0.000000
-2.195489,0.000000
-2.175439,0.000000
-2.155388,0.000000
-2.135338,0.000000
-2.115288,0.000000
-2.095238,0.000000
-2.075188,0.000000
-2.055138,0.000001
-2.035088,0.000001
-2.015038,0.000001
-1.994987,0.000002
-1.974937,0.000002
-1.954887,0.000003
-1.934837,0.000004
-1.914787,0.000005
-1.894737,0.000007
-1.874687,0.000009
-1.854637,0.000011
-1.834586,0.000015
-1.814536,0.000019
-1.794486,0.000025
-1.774436,0.000032
-1.754386,0.000041
-1.734336,0.000052
-1.714286,0.000066
-1.694236,0.000083
-1.674185,0.000104
-1.654135,0.000129
-1.634085,0.000160
-1.614035,0.000198
-1.593985,0.000243
-1.573935,0.000297
-1.553885,0.000362
-1.533835,0.000438
-1.513784,0.000528
-1.493734,0.000633
-1.473684,0.000755
-1.453634,0.000897
-1.433584,0.001060
-1.413534,0.001247
-1.393484,0.001460
-1.373434,0.001702
-1.353383,0.001974
-1.333333,0.002280
-1.313283,0.002622
-1.293233,0.003001
-1.273183,0.003419
-1.253133,0.003880
-1.233083,0.004384
-1.213033,0.004932
-1.192982,0.005527
-1.172932,0.006169
-1.152882,0.006858
-1.132832,0.007596
-1.112782,0.008384
-1.092732,0.009220
-1.072682,0.010106
-1.052632,0.011042
-1.032581,0.012027
-1.012531,0.013063
-0.992481,0.014151
-0.972431,0.015290
-0.952381,0.016483
-0.932331,0.017731
-0.912281,0.019037
-0.892231,0.020403
-0.872180,0.021833
-0.852130,0.023332
-0.832080,0.024903
-0.812030,0.026552
-0.791980,0.028285
-0.771930,0.030108
-0.751880,0.032028
-0.731830,0.034050
-0.711779,0.036183
-0.691729,0.038433
-0.671679,0.040806
-0.651629,0.043310
-0.631579,0.045951
-0.611529,0.048735
-0.591479,0.051666
-0.571429,0.054751
-0.551378,0.057993
-0.531328,0.061396
-0.511278,0.064965
-0.491228,0.068700
-0.471178,0.072606
-0.451128,0.076684
-0.431078,0.080936
-0.411028,0.085363
-0.390977,0.089966
-0.370927,0.094747
-0.350877,0.099706
-0.330827,0.104845
-0.310777,0.110163
-0.290727,0.115662
-0.270677,0.121342
-0.250627,0.127204
-0.230576,0.133246
-0.210526,0.139469
-0.190476,0.145873
-0.170426,0.152455
-0.150376,0.159215
-0.130326,0.166150
-0.110276,0.173258
-0.090226,0.180534
-0.070175,0.187975
-0.050125,0.195576
-0.030075,0.203332
-0.010025,0.211235
0.010025,0.219280
0.030075,0.227459
0.050125,0.235764
0.070175,0.244187
0.090226,0.252718
0.110276,0.261348
0.130326,0.270067
0.150376,0.278865
0.170426,0.287732
0.190476,0.296656
0.210526,0.305626
0.230576,0.314631
0.250627,0.323658
0.270677,0.332694
0.290727,0.341728
0.310777,0.350746
0.330827,0.359733
0.350877,0.368676
0.370927,0.377561
0.390977,0.386372
0.411028,0.395095
0.431078,0.403714
0.451128,0.412213
0.471178,0.420577
0.491228,0.428789
0.511278,0.436834
0.531328,0.444696
0.551378,0.452358
0.571429,0.459807
0.591479,0.467026
0.611529,0.474001
0.631579,0.480717
0.651629,0.487160
0.671679,0.493317
0.691729,0.499176
0.711779,0.504724
0.731830,0.509950
0.751880,0.514843
0.771930,0.519392
0.791980,0.523590
0.812030,0.527426
0.832080,0.530893
0.852130,0.533985
0.872180,0.536694
0.892231,0.539016
0.912281,0.540945
0.932331,0.542478
0.952381,0.543612
0.972431,0.544343
0.992481,0.544672
1.012531,0.544597
1.032581,0.544117
1.052632,0.543235
1.072682,0.541952
1.092732,0.540271
1.112782,0.538194
1.132832,0.535727
1.152882,0.532874
1.172932,0.529642
1.192982,0.526036
1.213033,0.522063
1.233083,0.517734
1.253133,0.513055
1.273183,0.508036
1.293233,0.502689
1.313283,0.497023
1.333333,0.491052
1.353383,0.484786
1.373434,0.478239
1.393484,0.471425
1.413534,0.464357
1.433584,0.457051
1.453634,0.449520
1.473684,0.441781
1.493734,0.433849
1.513784,0.425740
1.533835,0.417469
1.553885,0.409053
1.573935,0.400508
1.593985,0.391848
1.614035,0.383090
1.634085,0.374250
1.654135,0.365342
1.674185,0.356380
1.694236,0.347380
1.714286,0.338355
1.734336,0.329318
1.754386,0.320284
1.774436,0.311264
1.794486,0.302271
1.814536,0.293316
1.834586,0.284412
1.854637,0.275570
1.874687,0.266800
1.894737,0.258113
1.914787,0.249519
1.934837,0.241027
1.954887,0.232648
1.974937,0.224389
1.994987,0.216259
2.015038,0.208266
2.035088,0.200417
2.055138,0.192719
2.075188,0.185177
2.095238,0.177797
2.115288,0.170583
2.135338,0.163539
2.155388,0.156669
2.175439,0.149976
2.195489,0.143460
2.215539,0.137123
2.235589,0.130968
2.255639,0.124993
2.275689,0.119199
2.295739,0.113587
2.315789,0.108156
2.335840,0.102904
2.355890,0.097833
2.375940,0.092940
2.395990,0.088226
2.416040,0.083688
2.436090,0.079327
2.456140,0.075141
2.476190,0.071127
2.496241,0.067285
2.516291,0.063612
2.536341,0.060106
2.556391,0.056763
2.576441,0.053580
2.596491,0.050553
2.616541,0.047678
2.636591,0.044948
2.656642,0.042359
2.676692,0.039905
2.696742,0.037578
2.716792,0.035373
2.736842,0.033282
2.756892,0.031299
2.776942,0.029416
2.796992,0.027628
2.817043,0.025927
2.837093,0.024307
2.857143,0.022764
2.877193,0.021291
2.897243,0.019885
2.917293,0.018542
2.937343,0.017258
2.957393,0.016031
2.977444,0.014858
2.997494,0.013738
3.017544,0.012670
3.037594,0.011653
3.057644,0.010686
3.077694,0.009769
3.097744,0.008902
3.117794,0.008084
3.137845,0.007315
3.157895,0.006595
3.177945,0.005923
3.197995,0.005299
3.218045,0.004722
3.238095,0.004190
3.258145,0.003703
3.278195,0.003258
3.298246,0.002854
3.318296,0.002490
3.338346,0.002162
3.358396,0.001869
3.378446,0.001608
3.398496,0.001377
3.418546,0.001174
3.438596,0.000996
3.458647,0.000841
3.478697,0.000707
3.498747,0.000591
3.518797,0.000492
3.538847,0.000408
3.558897,0.000336
3.578947,0.000276
3.598997,0.000225
3.619048,0.000183
3.639098,0.000148
3.659148,0.000119
3.679198,0.000095
3.699248,0.000076
3.719298,0.000060
3.739348,0.000047
3.759398,0.000037
3.779449,0.000029
3.799499,0.000023
3.819549,0.000017
3.839599,0.000013
3.859649,0.000010
3.879699,0.000008
3.899749,0.000006
3.919799,0.000004
3.939850,0.000003
3.959900,0.000003
3.979950,0.000002
4.000000,0.000001
